metric,model,omission_type,omitted,pearson,spearman
signed_wtrs,dual_stream,candidate,Belinostat,0.616609948146364,0.6258623097332776
signed_wtrs,dual_stream,candidate,Entinostat,0.5976884522634469,0.5438757321110262
signed_wtrs,dual_stream,candidate,Mocetinostat,0.699022448399605,0.6872799559706582
signed_wtrs,dual_stream,candidate,NCH-51,0.6409739754422408,0.6516950475204746
signed_wtrs,dual_stream,candidate,PCI-24781,0.6560312258684884,0.6803831209903316
signed_wtrs,dual_stream,candidate,Panobinostat,0.62986270235601,0.653735511800028
signed_wtrs,dual_stream,candidate,TC-H-106,0.6918418381775098,0.6736472888275545
signed_wtrs,dual_stream,candidate,Vorinostat,0.64152183243129,0.6114509146767212
signed_wtrs,dual_stream,cancer,BLCA,0.645181901973713,0.6463623893379769
signed_wtrs,dual_stream,cancer,BRCA,0.6506886334228842,0.6509508455616241
signed_wtrs,dual_stream,cancer,CESC,0.655497294378179,0.6542004747900649
signed_wtrs,dual_stream,cancer,CHOL,0.6364787778634036,0.6178268990337162
signed_wtrs,dual_stream,cancer,COAD,0.6280215296662675,0.6248905401369704
signed_wtrs,dual_stream,cancer,ESCA,0.6536735153932737,0.656232758489783
signed_wtrs,dual_stream,cancer,HNSC,0.6420298135285618,0.632670415719702
signed_wtrs,dual_stream,cancer,KICH,0.6560755924749545,0.6532412773776202
signed_wtrs,dual_stream,cancer,KIRC,0.6289764163472272,0.6042007278764534
signed_wtrs,dual_stream,cancer,KIRP,0.6474551051295333,0.6458182536026849
signed_wtrs,dual_stream,cancer,LIHC,0.6449927216790069,0.6424091799494841
signed_wtrs,dual_stream,cancer,LUAD,0.647481779497938,0.6481137471464511
signed_wtrs,dual_stream,cancer,LUSC,0.652084301218726,0.645694241272316
signed_wtrs,dual_stream,cancer,PAAD,0.6360457341279081,0.6253840585945608
signed_wtrs,dual_stream,cancer,PCPG,0.5406070110537189,0.5860265943177044
signed_wtrs,dual_stream,cancer,PRAD,0.6506797707493099,0.652365598473383
signed_wtrs,dual_stream,cancer,READ,0.6318540624781224,0.6257383795384718
signed_wtrs,dual_stream,cancer,SARC,0.6564904187810536,0.6616083133816899
signed_wtrs,dual_stream,cancer,STAD,0.6553948048443871,0.661005967777041
signed_wtrs,dual_stream,cancer,THCA,0.6315085483073976,0.6121375170200597
signed_wtrs,dual_stream,cancer,THYM,0.661402107687626,0.6599252888981126
signed_wtrs,dual_stream,cancer,UCEC,0.6491928799054513,0.650525660428931
signed_wtrs,fingerprint_mlp,candidate,Belinostat,0.8087547877173864,0.8135225937882484
signed_wtrs,fingerprint_mlp,candidate,Entinostat,0.783991073044192,0.7652020338927361
signed_wtrs,fingerprint_mlp,candidate,Mocetinostat,0.7803814941116366,0.7731667447037466
signed_wtrs,fingerprint_mlp,candidate,NCH-51,0.8041471277142105,0.7979316066602595
signed_wtrs,fingerprint_mlp,candidate,PCI-24781,0.8514079858090976,0.8729162046050092
signed_wtrs,fingerprint_mlp,candidate,Panobinostat,0.8196674369080645,0.8092248042912179
signed_wtrs,fingerprint_mlp,candidate,TC-H-106,0.7974434510962587,0.7948856962139697
signed_wtrs,fingerprint_mlp,candidate,Vorinostat,0.7974128867383113,0.7794031395549424
signed_wtrs,fingerprint_mlp,cancer,BLCA,0.8036192334906731,0.806052307894777
signed_wtrs,fingerprint_mlp,cancer,BRCA,0.811139170998002,0.8073278632928566
signed_wtrs,fingerprint_mlp,cancer,CESC,0.8100993435677729,0.810471196238124
signed_wtrs,fingerprint_mlp,cancer,CHOL,0.8046850905373155,0.7986039754809908
signed_wtrs,fingerprint_mlp,cancer,COAD,0.7959775864509466,0.795000025308639
signed_wtrs,fingerprint_mlp,cancer,ESCA,0.8098658407830237,0.8104661345103539
signed_wtrs,fingerprint_mlp,cancer,HNSC,0.8042019289471173,0.8019421849454094
signed_wtrs,fingerprint_mlp,cancer,KICH,0.8116963211899805,0.8059637276587992
signed_wtrs,fingerprint_mlp,cancer,KIRC,0.7987345162860884,0.7881008903579149
signed_wtrs,fingerprint_mlp,cancer,KIRP,0.80909226320509,0.8045540364748104
signed_wtrs,fingerprint_mlp,cancer,LIHC,0.8079423726844785,0.8108179245903798
signed_wtrs,fingerprint_mlp,cancer,LUAD,0.807745524262546,0.8082566903386804
signed_wtrs,fingerprint_mlp,cancer,LUSC,0.8095044611362082,0.8055360116622209
signed_wtrs,fingerprint_mlp,cancer,PAAD,0.8020973492237279,0.7990418149331094
signed_wtrs,fingerprint_mlp,cancer,PCPG,0.7538803866120415,0.7736876205323927
signed_wtrs,fingerprint_mlp,cancer,PRAD,0.8096192452312675,0.8046603327579838
signed_wtrs,fingerprint_mlp,cancer,READ,0.7984532553083775,0.7950835438168465
signed_wtrs,fingerprint_mlp,cancer,SARC,0.811334356738891,0.8150824302367371
signed_wtrs,fingerprint_mlp,cancer,STAD,0.8121294930138588,0.8138954550746353
signed_wtrs,fingerprint_mlp,cancer,THCA,0.7991593133519715,0.7915403343777366
signed_wtrs,fingerprint_mlp,cancer,THYM,0.8127257188718986,0.808244036019255
signed_wtrs,fingerprint_mlp,cancer,UCEC,0.8056307915368537,0.8055360116622209
spearman_reversal,dual_stream,candidate,Belinostat,0.8044410620108999,0.7896054609527097
spearman_reversal,dual_stream,candidate,Entinostat,0.8090047920945198,0.7920632182491766
spearman_reversal,dual_stream,candidate,Mocetinostat,0.8504064364572498,0.8372852953498116
spearman_reversal,dual_stream,candidate,NCH-51,0.8213842950610438,0.807696920410393
spearman_reversal,dual_stream,candidate,PCI-24781,0.82175974856852,0.8155499149806551
spearman_reversal,dual_stream,candidate,Panobinostat,0.8237701004586072,0.8173702325504982
spearman_reversal,dual_stream,candidate,TC-H-106,0.7847311926441015,0.7651428900005751
spearman_reversal,dual_stream,candidate,Vorinostat,0.8004292640185146,0.7805498739085077
spearman_reversal,dual_stream,cancer,BLCA,0.814004439647639,0.8020003948147661
spearman_reversal,dual_stream,cancer,BRCA,0.82045283731845,0.8115898380753288
spearman_reversal,dual_stream,cancer,CESC,0.8193014371220951,0.8093247148981835
spearman_reversal,dual_stream,cancer,CHOL,0.8122035753588687,0.7943824945206799
spearman_reversal,dual_stream,cancer,COAD,0.8049067489265155,0.7847449648463007
spearman_reversal,dual_stream,cancer,ESCA,0.8191166450172064,0.8077150854672736
spearman_reversal,dual_stream,cancer,HNSC,0.8151988978257063,0.8031747156574426
spearman_reversal,dual_stream,cancer,KICH,0.8127739912470382,0.7972853953968649
spearman_reversal,dual_stream,cancer,KIRC,0.8077472910441323,0.7893435445254885
spearman_reversal,dual_stream,cancer,KIRP,0.814902022034894,0.8031190366519709
spearman_reversal,dual_stream,cancer,LIHC,0.8123199653265714,0.7990063828387184
spearman_reversal,dual_stream,cancer,LUAD,0.8108513956590335,0.7955416301800458
spearman_reversal,dual_stream,cancer,LUSC,0.8103146133587475,0.7896143469611919
spearman_reversal,dual_stream,cancer,PAAD,0.8171543586363778,0.8031139749242008
spearman_reversal,dual_stream,cancer,PCPG,0.749444160687057,0.7709694727198183
spearman_reversal,dual_stream,cancer,PRAD,0.8162867798436066,0.8062066905917668
spearman_reversal,dual_stream,cancer,READ,0.8084391836390546,0.7857142857142858
spearman_reversal,dual_stream,cancer,SARC,0.8304216109012065,0.8261853301005767
spearman_reversal,dual_stream,cancer,STAD,0.8179882520706245,0.8102003938024206
spearman_reversal,dual_stream,cancer,THCA,0.808420915360997,0.7920439762908673
spearman_reversal,dual_stream,cancer,THYM,0.8233782996535431,0.8122858256437254
spearman_reversal,dual_stream,cancer,UCEC,0.816754115593019,0.805277863545943
spearman_reversal,fingerprint_mlp,candidate,Belinostat,0.8588413513337881,0.8357409826100529
spearman_reversal,fingerprint_mlp,candidate,Entinostat,0.849409835335868,0.8229856165340037
spearman_reversal,fingerprint_mlp,candidate,Mocetinostat,0.8643766721331951,0.8390530405710672
spearman_reversal,fingerprint_mlp,candidate,NCH-51,0.8483930146639221,0.8269614003959356
spearman_reversal,fingerprint_mlp,candidate,PCI-24781,0.8556013400197064,0.8376270156156306
spearman_reversal,fingerprint_mlp,candidate,Panobinostat,0.8701329886941025,0.8550547491723963
spearman_reversal,fingerprint_mlp,candidate,TC-H-106,0.8410522474284979,0.8061854653885016
spearman_reversal,fingerprint_mlp,candidate,Vorinostat,0.8429361524113623,0.8126650073519144
spearman_reversal,fingerprint_mlp,cancer,BLCA,0.8552991305211061,0.8329224897626557
spearman_reversal,fingerprint_mlp,cancer,BRCA,0.8622992728613375,0.8397988469384141
spearman_reversal,fingerprint_mlp,cancer,CESC,0.8592663958047855,0.8407352665758933
spearman_reversal,fingerprint_mlp,cancer,CHOL,0.8526065145138904,0.8265624288194533
spearman_reversal,fingerprint_mlp,cancer,COAD,0.8454393158060929,0.8163377387237362
spearman_reversal,fingerprint_mlp,cancer,ESCA,0.8568976820116142,0.8338513168084796
spearman_reversal,fingerprint_mlp,cancer,HNSC,0.8554479160589741,0.8326339712797568
spearman_reversal,fingerprint_mlp,cancer,KICH,0.8557930368103787,0.8304270579719683
spearman_reversal,fingerprint_mlp,cancer,KIRC,0.8498920586874575,0.8207996517531294
spearman_reversal,fingerprint_mlp,cancer,KIRP,0.8561378983031659,0.8333147736648429
spearman_reversal,fingerprint_mlp,cancer,LIHC,0.854185588873222,0.8325048972216177
spearman_reversal,fingerprint_mlp,cancer,LUAD,0.8505198884657679,0.823001503333148
spearman_reversal,fingerprint_mlp,cancer,LUSC,0.8468444448107443,0.8168742818673728
spearman_reversal,fingerprint_mlp,cancer,PAAD,0.8527960354483474,0.8278784780396942
spearman_reversal,fingerprint_mlp,cancer,PCPG,0.8033031767265023,0.8048501475493647
spearman_reversal,fingerprint_mlp,cancer,PRAD,0.858613793114472,0.8382271804657803
spearman_reversal,fingerprint_mlp,cancer,READ,0.8455075419207929,0.8162972449015748
spearman_reversal,fingerprint_mlp,cancer,SARC,0.8662853307152114,0.8524050799499904
spearman_reversal,fingerprint_mlp,cancer,STAD,0.8554678157191056,0.833737427933651
spearman_reversal,fingerprint_mlp,cancer,THCA,0.8513771949335305,0.8221410096122211
spearman_reversal,fingerprint_mlp,cancer,THYM,0.8586451196706733,0.8371768719534728
spearman_reversal,fingerprint_mlp,cancer,UCEC,0.858558177677304,0.8390319951812354
