record_type,file,candidate,gene_set_scope,sha256,mapped_query_ids,reported_terms,gprofiler_version,timestamp,full_terms,representative_terms,intersection_count_gate,alignment_source,evidence_code_policy
frozen_response,gost_belinostat_all_selected.json,Belinostat,all_selected,2706eb53979052bd1b874e8c6e1356c2e770832718ee4a59d2b20f064829cced,200,267,e114_eg62_p19_27110d83,2026-07-18T12:13:48.327987+00:00,5037,311,all derived gene counts equal g:Profiler intersection_size,meta.genes_metadata.query.<query>.mapping key order,GO evidence codes are retained separately as intersection_evidence_codes and are never labelled as genes.
frozen_response,gost_belinostat_disease_down_drug_up.json,Belinostat,disease_down_drug_up,ff566b8835b5e9027e35927808aec48a3e7290f2949552bdf5ccb0a66a1d5084,105,7,e114_eg62_p19_27110d83,2026-07-18T12:13:54.567682+00:00,5037,311,all derived gene counts equal g:Profiler intersection_size,meta.genes_metadata.query.<query>.mapping key order,GO evidence codes are retained separately as intersection_evidence_codes and are never labelled as genes.
frozen_response,gost_belinostat_disease_up_drug_down.json,Belinostat,disease_up_drug_down,453a8584209f75c67d7f04f28632d732e60b12a0648ef0c5c34ba870318ecdfb,95,522,e114_eg62_p19_27110d83,2026-07-18T12:13:51.898766+00:00,5037,311,all derived gene counts equal g:Profiler intersection_size,meta.genes_metadata.query.<query>.mapping key order,GO evidence codes are retained separately as intersection_evidence_codes and are never labelled as genes.
frozen_response,gost_entinostat_all_selected.json,Entinostat,all_selected,cb5444d622a55d682113a6da1b888dc42aaeb666b1528b71e3249f58b26464b5,199,367,e114_eg62_p19_27110d83,2026-07-18T12:13:56.495974+00:00,5037,311,all derived gene counts equal g:Profiler intersection_size,meta.genes_metadata.query.<query>.mapping key order,GO evidence codes are retained separately as intersection_evidence_codes and are never labelled as genes.
frozen_response,gost_entinostat_disease_down_drug_up.json,Entinostat,disease_down_drug_up,54653634fafe47ac30df15e941e9e0b8c28229eae01bd45c1c94a707f2fc387a,81,26,e114_eg62_p19_27110d83,2026-07-18T12:14:03.414396+00:00,5037,311,all derived gene counts equal g:Profiler intersection_size,meta.genes_metadata.query.<query>.mapping key order,GO evidence codes are retained separately as intersection_evidence_codes and are never labelled as genes.
frozen_response,gost_entinostat_disease_up_drug_down.json,Entinostat,disease_up_drug_down,1987ff91526455cdf506fb6c4642f38bf31c8f69f1d4bcd996337deb978bca7c,118,653,e114_eg62_p19_27110d83,2026-07-18T12:14:00.355032+00:00,5037,311,all derived gene counts equal g:Profiler intersection_size,meta.genes_metadata.query.<query>.mapping key order,GO evidence codes are retained separately as intersection_evidence_codes and are never labelled as genes.
frozen_response,gost_mocetinostat_all_selected.json,Mocetinostat,all_selected,5b2c3aca61d5b1ec0e17c5e6a553d75a636105cd8514df5234ba795f56f8d434,199,248,e114_eg62_p19_27110d83,2026-07-18T12:13:21.532704+00:00,5037,311,all derived gene counts equal g:Profiler intersection_size,meta.genes_metadata.query.<query>.mapping key order,GO evidence codes are retained separately as intersection_evidence_codes and are never labelled as genes.
frozen_response,gost_mocetinostat_disease_down_drug_up.json,Mocetinostat,disease_down_drug_up,7385b2baa52c8f6f5fc59bd35bc4fad2b4e83b07ce300d340b5060034bbef4c1,122,110,e114_eg62_p19_27110d83,2026-07-18T12:13:28.716516+00:00,5037,311,all derived gene counts equal g:Profiler intersection_size,meta.genes_metadata.query.<query>.mapping key order,GO evidence codes are retained separately as intersection_evidence_codes and are never labelled as genes.
frozen_response,gost_mocetinostat_disease_up_drug_down.json,Mocetinostat,disease_up_drug_down,f3712329f51314bf149f65890f7e1486eac937a100697703d67a316cd59c2156,77,575,e114_eg62_p19_27110d83,2026-07-18T12:13:25.224543+00:00,5037,311,all derived gene counts equal g:Profiler intersection_size,meta.genes_metadata.query.<query>.mapping key order,GO evidence codes are retained separately as intersection_evidence_codes and are never labelled as genes.
frozen_response,gost_nch_51_all_selected.json,NCH-51,all_selected,85232c27223b9baa879bcc3f5c2777a7ef72f0923e415dd3eae5cea5f17d09ef,200,272,e114_eg62_p19_27110d83,2026-07-18T12:13:30.828807+00:00,5037,311,all derived gene counts equal g:Profiler intersection_size,meta.genes_metadata.query.<query>.mapping key order,GO evidence codes are retained separately as intersection_evidence_codes and are never labelled as genes.
frozen_response,gost_nch_51_disease_down_drug_up.json,NCH-51,disease_down_drug_up,01e3f4c67d9c6c06116237008eace9477d5504e39f61d93b32e7494d4b226e0d,111,5,e114_eg62_p19_27110d83,2026-07-18T12:13:37.767810+00:00,5037,311,all derived gene counts equal g:Profiler intersection_size,meta.genes_metadata.query.<query>.mapping key order,GO evidence codes are retained separately as intersection_evidence_codes and are never labelled as genes.
frozen_response,gost_nch_51_disease_up_drug_down.json,NCH-51,disease_up_drug_down,8c0e998d08fa8625be6b928597b740b9fc2768a362b43523e8fc14cd55bbe74f,89,575,e114_eg62_p19_27110d83,2026-07-18T12:13:34.136748+00:00,5037,311,all derived gene counts equal g:Profiler intersection_size,meta.genes_metadata.query.<query>.mapping key order,GO evidence codes are retained separately as intersection_evidence_codes and are never labelled as genes.
frozen_response,gost_tc_h_106_all_selected.json,TC-H-106,all_selected,6a2c52caa888eb573d7b5388d1d59438037e2a41c927ca3cefa95766912cb561,199,52,e114_eg62_p19_27110d83,2026-07-18T12:13:40.584153+00:00,5037,311,all derived gene counts equal g:Profiler intersection_size,meta.genes_metadata.query.<query>.mapping key order,GO evidence codes are retained separately as intersection_evidence_codes and are never labelled as genes.
frozen_response,gost_tc_h_106_disease_down_drug_up.json,TC-H-106,disease_down_drug_up,0337fb330bd168874d1227bf17ef9660a139344ee5bd13a59c356cc5686e2da3,115,35,e114_eg62_p19_27110d83,2026-07-18T12:13:46.277472+00:00,5037,311,all derived gene counts equal g:Profiler intersection_size,meta.genes_metadata.query.<query>.mapping key order,GO evidence codes are retained separately as intersection_evidence_codes and are never labelled as genes.
frozen_response,gost_tc_h_106_disease_up_drug_down.json,TC-H-106,disease_up_drug_down,e1904c21a4511881bcc7ad697b5c2fe7ae2daf677300e00ba58f93c4254e0825,84,336,e114_eg62_p19_27110d83,2026-07-18T12:13:43.759650+00:00,5037,311,all derived gene counts equal g:Profiler intersection_size,meta.genes_metadata.query.<query>.mapping key order,GO evidence codes are retained separately as intersection_evidence_codes and are never labelled as genes.
frozen_response,gost_vorinostat_all_selected.json,Vorinostat,all_selected,66c4e2e0d4870fce2aca859b4e4ab08ac394f14f4d619c930e279ddc03524cb0,200,388,e114_eg62_p19_27110d83,2026-07-18T12:14:05.565167+00:00,5037,311,all derived gene counts equal g:Profiler intersection_size,meta.genes_metadata.query.<query>.mapping key order,GO evidence codes are retained separately as intersection_evidence_codes and are never labelled as genes.
frozen_response,gost_vorinostat_disease_down_drug_up.json,Vorinostat,disease_down_drug_up,c684c3787c8ad4c7a0f4e55279c2dd5e53b8b088dd90629d6d54fba66f4e09f3,80,21,e114_eg62_p19_27110d83,2026-07-18T12:14:12.261121+00:00,5037,311,all derived gene counts equal g:Profiler intersection_size,meta.genes_metadata.query.<query>.mapping key order,GO evidence codes are retained separately as intersection_evidence_codes and are never labelled as genes.
frozen_response,gost_vorinostat_disease_up_drug_down.json,Vorinostat,disease_up_drug_down,1bdb94a85084732d2a897fa9b0f08f3950e7d08e17ab762bbea8a9913985c991,120,578,e114_eg62_p19_27110d83,2026-07-18T12:14:08.363421+00:00,5037,311,all derived gene counts equal g:Profiler intersection_size,meta.genes_metadata.query.<query>.mapping key order,GO evidence codes are retained separately as intersection_evidence_codes and are never labelled as genes.
