SMILES,Drug_Name
Cc1ccc(NC(=O)CCCCCC(=O)Nc2ccccc2N)cc1,TC-H-106
Nc1ccccc1NC(=O)c1ccc(CNC(=O)OCc2cccnc2)cc1,entinostat
Nc1ccccc1NC(=O)CCCCCCC(=O)Nc2ccccc2,BML-210
Cc1ccc(cc1)C(=O)NCCCCCC(=O)Nc1ccccc1N,RG2833
CN1c2ccccc2C(NCCCCCCC(=O)Nc2ccccc2N)c2ccc(Cl)cc2S1(=O)=O,Tianeptinaline
C[C@H](CO)N1C[C@H](C)[C@@H](CN(C)CC2CCCCC2)Oc3c(NC(=O)CCCCCC(=O)Nc4ccccc4N)cccc3C1=O,CHEMBL2356076
C[C@@H](CO)N1C[C@@H](C)[C@H](CN(C)CC2CCCCC2)Oc3c(NC(=O)CCCCCC(=O)Nc4ccccc4N)cccc3C1=O,CHEMBL2130971
C[C@H](CO)N1C[C@H](C)[C@@H](CN(C)Cc2ccc(cc2)c3ccccc3)Oc4c(NC(=O)CCCCCC(=O)Nc5ccccc5N)cccc4C1=O,CHEMBL2135159
C[C@@H](CO)N1C[C@H](C)[C@@H](CN(C)Cc2ccc(cc2)C(=O)Nc3ccccc3N)Oc4c(NC(=O)C5CCCCC5)cccc4C1=O,CHEBI:94854
C[C@H](CO)N1C[C@@H](C)[C@@H](CN(C)Cc2ccc(cc2)C(=O)Nc3ccccc3N)Oc4c(NC(=O)C5CCCCC5)cccc4C1=O,CHEMBL2357745
C[C@H](CO)N1C[C@H](C)[C@H](CN(C)Cc2ccc(cc2)C(=O)Nc3ccccc3N)Oc4c(NC(=O)C5CCCCC5)cccc4C1=O,CHEBI:94920
C[C@H](CO)N1C[C@@H](C)[C@H](CN(C)Cc2ccc(cc2)C(=O)Nc3ccccc3N)Oc4c(NC(=O)C5CCCCC5)cccc4C1=O,CHEBI:94947
C[C@H](CO)N1C[C@H](C)[C@@H](CN(C)Cc2ccc(cc2)C(=O)Nc3ccccc3N)Oc4c(NC(=O)C5CCCCC5)cccc4C1=O,MLS002473918
C[C@@H](CO)N1C[C@@H](C)[C@H](CN(C)Cc2ccc(cc2)C(=O)Nc3ccccc3N)Oc4c(NC(=O)C5CCCCC5)cccc4C1=O,CHEBI:94910
C[C@@H](CO)N1C[C@H](C)[C@H](CN(C)Cc2ccc(cc2)C(=O)Nc3ccccc3N)Oc4c(NC(=O)C5CCCCC5)cccc4C1=O,CHEMBL2144875
C[C@@H](CO)N1C[C@@H](C)[C@@H](CN(C)Cc2ccc(cc2)C(=O)Nc3ccccc3N)Oc4c(NC(=O)C5CCCCC5)cccc4C1=O,BRD9608
C[C@H](CO)N1C[C@@H](C)[C@@H](CN(C)Cc2ccc(cc2)c3ccccc3)Oc4ccc(NC(=O)CCCCCC(=O)Nc5ccccc5N)cc4CC1=O,CHEBI:130334
C[C@H](CO)N1C[C@H](C)[C@@H](CN(C)Cc2ccc(cc2)c3ccccc3)Oc4ccc(NC(=O)CCCCCC(=O)Nc5ccccc5N)cc4CC1=O,CHEBI:128088
C[C@@H](CO)N1C[C@@H](C)[C@H](CN(C)Cc2ccc(cc2)c3ccccc3)Oc4ccc(NC(=O)CCCCCC(=O)Nc5ccccc5N)cc4CC1=O,CHEMBL2138962
C[C@@H](CO)N1C[C@@H](C)[C@@H](CN(C)Cc2ccc(cc2)c3ccccc3)Oc4ccc(NC(=O)CCCCCC(=O)Nc5ccccc5N)cc4CC1=O,CHEBI:128562
C[C@H](CO)N1C[C@@H](C)[C@H](CN(C)Cc2ccc(cc2)c3ccccc3)Oc4ccc(NC(=O)CCCCCC(=O)Nc5ccccc5N)cc4CC1=O,CHEMBL2135524
C[C@@H](CO)N1C[C@H](C)[C@H](CN(C)Cc2ccc(cc2)c3ccccc3)Oc4ccc(NC(=O)CCCCCC(=O)Nc5ccccc5N)cc4CC1=O,CHEMBL2140128
C[C@H](CO)N1C[C@H](C)[C@H](CN(C)Cc2ccc(cc2)c3ccccc3)Oc4ccc(NC(=O)CCCCCC(=O)Nc5ccccc5N)cc4CC1=O,CHEMBL2141330
C[C@@H](CO)N1C[C@H](C)[C@@H](CN(C)Cc2ccc(cc2)c3ccccc3)Oc4ccc(NC(=O)CCCCCC(=O)Nc5ccccc5N)cc4CC1=O,CHEBI:130857
C[C@H](CO)N1C[C@@H](C)[C@H](CN(C)Cc2ccccc2)Oc3c(NC(=O)CCCCCC(=O)Nc4ccccc4N)cccc3C1=O,CHEBI:128676
Cc1cccc(CNc2ncnc3ccc(cc23)c4cccnc4)c1,NCGC00012961
C[C@H](CO)N1C[C@H](C)[C@@H](CN(C)Cc2ccccc2)Oc3ccc(NC(=O)CCCCCC(=O)Nc4ccccc4N)cc3CC1=O,CHEBI:127687
C[C@H](CO)N1C[C@@H](C)[C@H](CN(C)Cc2ccc(cc2)C(=O)Nc3ccccc3N)Oc4ccc(cc4C1=O)N(C)C,CHEMBL2359459
C[C@@H](CO)N1C[C@H](C)[C@H](CN(C)Cc2ccc(cc2)C(=O)Nc3ccccc3N)Oc4ccc(cc4C1=O)N(C)C,CHEMBL2356693
C[C@@H](CO)N1C[C@@H](C)[C@H](CN(C)Cc2ccc(cc2)C(=O)Nc3ccccc3N)Oc4ccc(cc4C1=O)N(C)C,CHEMBL2355586
C[C@H](CO)N1C[C@H](C)[C@@H](CN(C)S(=O)(=O)c2ccc(Cl)cc2)Oc3c(NC(=O)CCCCCC(=O)Nc4ccccc4N)cccc3C1=O,CHEBI:128787
C[C@@H](CO)N1C[C@H](C)[C@H](CN(C)S(=O)(=O)c2ccc(Cl)cc2)Oc3c(NC(=O)CCCCCC(=O)Nc4ccccc4N)cccc3C1=O,CHEMBL2140612
C[C@@H](CO)N1C[C@@H](C)[C@@H](CN(C)S(=O)(=O)c2ccc(Cl)cc2)Oc3c(NC(=O)CCCCCC(=O)Nc4ccccc4N)cccc3C1=O,CHEMBL2131444
C[C@@H](CO)N1C[C@@H](C)[C@H](CN(C)S(=O)(=O)c2ccc(Cl)cc2)Oc3c(NC(=O)CCCCCC(=O)Nc4ccccc4N)cccc3C1=O,CHEBI:130777
C[C@H](CO)N1C[C@@H](C)[C@H](CN(C)S(=O)(=O)c2ccc(Cl)cc2)Oc3c(NC(=O)CCCCCC(=O)Nc4ccccc4N)cccc3C1=O,CHEBI:129018
C[C@H](CO)N1C[C@@H](C)[C@@H](CN(C)S(=O)(=O)c2ccc(Cl)cc2)Oc3c(NC(=O)CCCCCC(=O)Nc4ccccc4N)cccc3C1=O,CHEBI:129739
C[C@H](CO)N1C[C@H](C)[C@H](CN(C)S(=O)(=O)c2ccc(Cl)cc2)Oc3c(NC(=O)CCCCCC(=O)Nc4ccccc4N)cccc3C1=O,Drug_C[C@H]
C[C@@H](CO)N1C[C@H](C)[C@@H](CN(C)S(=O)(=O)c2ccc(Cl)cc2)Oc3c(NC(=O)CCCCCC(=O)Nc4ccccc4N)cccc3C1=O,CHEBI:129320
C[C@@H](CO)N1C[C@H](C)[C@H](CN(C)Cc2ccc(Cl)c(Cl)c2)Oc3c(NC(=O)CCCCCC(=O)Nc4ccccc4N)cccc3C1=O,CHEMBL2138898
C[C@@H](CO)N1C[C@@H](C)[C@H](CN(C)Cc2ccc(Cl)c(Cl)c2)Oc3c(NC(=O)CCCCCC(=O)Nc4ccccc4N)cccc3C1=O,CHEMBL2133788
C[C@H](CO)N1C[C@H](C)[C@H](CN(C)Cc2ccc(cc2)C(=O)Nc3ccccc3N)Oc4ccc(cc4C1=O)N(C)C,CHEMBL2142401
C[C@@H](CO)N1C[C@H](C)[C@@H](CN(C)Cc2ccc(cc2)C(=O)Nc3ccccc3N)Oc4ccc(cc4C1=O)N(C)C,CHEMBL2136858
C[C@H](CO)N1C[C@H](C)[C@@H](CN(C)Cc2ccc(cc2)C(=O)Nc3ccccc3N)Oc4ccc(cc4C1=O)N(C)C,CHEBI:129004
C[C@H](CO)N1C[C@@H](C)[C@H](CN(C)Cc2ccc(cc2)C(=O)Nc3ccccc3N)Oc4c(NC(=O)Nc5ccccc5)cccc4C1=O,CHEMBL2139291
C[C@@H](CO)N1C[C@@H](C)[C@H](CN(C)Cc2ccc(cc2)C(=O)Nc3ccccc3N)Oc4c(NC(=O)Nc5ccccc5)cccc4C1=O,CHEMBL2135649
CC(C)n1nc(-c2cccc(c2)C(=O)NC2=NCCC2)c2c(N)ncnc12,CHEBI:95009
Cc1ccccc1Oc2cccc3c(=O)cc([nH]c23)N4CCOCC4,351071-62-0
CS(=O)(=O)N1CCN(Cc2cc3nc(nc(N4CCOCC4)c3s2)-c2cccc3[nH]ncc23)CC1,957054-30-7
O=c1cc(oc2c(cccc12)-c1ccccc1)N1CCNCC1,LY303511
CCn1cc(c(n1)-c1ccc(NC(=O)N(C)C)cc1)-c1ccnc2[nH]c(cc12)-c1cccc(CN(C)C)c1,GSK1070916
Brc1ccc2ncnc(NCC=C)c2c1,SMER-28
Cc1ccc(cc1)-c1nn(c2ncnc(N)c12)C(C)(C)C,PP-1
O=c1cc(oc2c(cccc12)-c1cccc2c3ccccc3sc12)N1CCOCC1,NU-7441
CC(C)n1nc(-c2ccc3cn[nH]c3c2)c2c(N)ncnc12,CHEMBL1242477
Nc1ccc(cc1)-c1cccc2c1oc(cc2=O)N1CCOCC1,PI-828
Oc1cccc(c1)-c1nc(N2CCOCC2)c2oc3ncccc3c2n1,PI-103
O=c1cc(oc2c(cccc12)-c1ccccc1)N1CCOCC1,LY294002
FC(F)c1nc2ccccc2n1-c1nc(nc(n1)N1CCOCC1)N1CCOCC1,ZSTK-474
COc1cccc2cc([nH]c12)-c1nc([C@@H]2CC[C@@H](CC2)C(O)=O)n2ncnc(N)c12,OSI-027
COc1cccc2cc([nH]c12)-c1nc([C@H]2CC[C@@H](CC2)C(O)=O)n2ncnc(N)c12,OSI-027
C1=CC2=NC=CC(=C2C=C1C=C3C(=O)NC(=O)S3)C4=CC=NC=C4,GSK1059615
O=C1NC(=O)C(S1)=Cc1ccc2nccc(-c3ccncc3)c2c1,GSK1059615
O=C1NC(=O)C(S1)=C/c1ccc2nccc(-c3ccncc3)c2c1,GSK1059615
COc1ccc(cc1CO)-c1ccc2c(nc(nc2n1)N1C[C@H](C)O[C@H](C)C1)N1CCOCC1,KU-0063794
Brc1cccc(Nc2ncnc3ccc(NC(=O)C=C)cc23)c1,PD-168393
Nc1cc(c(cn1)-c1cc(nc(n1)N1CCOCC1)N1CCOCC1)C(F)(F)F,buparlisib
C1CN(CCO1)c1ccc(Nc2nc(cn3ccnc23)-c2ccc3cn[nH]c3c2)cc1,Entospletinib
CC(C)(C)n1nc(-c2ccc(Cl)cc2)c2c(N)ncnc12,PP-2
COc1ccc(cc1CO)-c1ccc2c(nc(nc2n1)N1CCOC[C@@H]1C)N1CCOC[C@@H]1C,AZD8055
Cc1cccc(c1)c2ccc3ncnc(NCc4cccs4)c3c2,CHEMBL1433941
CC1=C(SC2=C1N=C(N=C2N3CCOCC3)C4=CN=C(N=C4)N)CN5CCN(CC5)C(=O)C(C)O,GDC-0980
C[C@H](O)C(=O)N1CCN(Cc2sc3c(nc(nc3c2C)-c2cnc(N)nc2)N2CCOCC2)CC1,GDC-0980
COC(=O)Nc1ccc(cc1)-c1nc(N2CCOCC2)c2cnn(C3CCN(CC3)C(=O)OC)c2n1,WYE-354
CC(C)n1nc(-c2cc3cc(O)ccc3[nH]2)c2c(N)ncnc12,PP242
Cc1nc(Nc2ncc(s2)C(=O)Nc2c(C)cccc2Cl)cc(n1)N1CCN(CCO)CC1,dasatinib
C[C@@H]1C[C@H]2[C@@H]3CCC4=CC(=O)C=C[C@]4(C)[C@@]3(Cl)[C@@H](O)C[C@]2(C)[C@@]1(OC(=O)c5ccco5)C(=O)CCl,mometasone-furoate
C[C@@H]1C[C@H]2[C@H]3CCC4=CC(=O)C=C[C@]4(C)[C@@]3(Cl)[C@@H](O)C[C@]2(C)[C@@]1(OC(=O)c1ccco1)C(=O)CCl,mometasone-furoate
CC1(C)O[C@@H]2CC3C4C[C@H](F)C5=CC(=O)CC[C@]5(C)C4[C@@H](O)C[C@]3(C)[C@@]2(O1)C(=O)CO,fludroxycortide
CC1(C)O[C@@H]2C[C@H]3[C@H]4C[C@H](F)C5=CC(=O)CC[C@]5(C)[C@H]4[C@@H](O)C[C@]3(C)[C@@]2(O1)C(=O)CO,fludroxycortide
CC1(C)O[C@@H]2C[C@H]3[C@@H]4C[C@H](F)C5=CC(=O)CC[C@]5(C)[C@H]4[C@@H](O)C[C@]3(C)[C@@]2(O1)C(=O)CO,fludroxycortide
Cn1cnnc1Sc1c(ncn1C)[N+]([O-])=O,MNITMT
C[C@@H]1C[C@H]2[C@@H]3CCC4=CC(=O)C=C[C@]4(C)[C@@]3(F)[C@@H](O)C[C@]2(C)[C@@]1(O)C(=O)CO,dexamethasone
C[C@H]1C[C@H]2[C@@H]3CCC4=CC(=O)C=C[C@]4(C)[C@@]3(F)[C@@H](O)C[C@]2(C)[C@@]1(O)C(=O)CO,dexamethasone
CC1CC2C3CCC4=CC(=O)C=CC4(C)C3(F)C(O)CC2(C)C1(O)C(=O)CO,dexamethasone
C[C@@H]1CC2C3CCC4=CC(=O)C=C[C@]4(C)[C@@]3(F)[C@@H](O)C[C@]2(C)[C@@]1(O)C(=O)CO,dexamethasone
C[C@@H]1CC2C3CCC4=CC(=O)C=CC4(C)[C@]3(F)[C@@H](O)CC2(C)[C@]1(O)C(=O)CO,dexamethasone
C[C@@H]1C[C@H]2[C@@H]3CCC4=CC(=O)C=C[C@]4(C)[C@]3(F)[C@H](O)C[C@]2(C)[C@]1(O)C(=O)CO,dexamethasone
C[C@H]1C[C@H]2[C@H]3CCC4=CC(=O)C=C[C@]4(C)[C@@]3(F)[C@@H](O)C[C@]2(C)[C@@]1(O)C(=O)CO,dexamethasone
C[C@H]1CC2C3CCC4=CC(=O)C=C[C@]4(C)[C@@]3(F)[C@@H](O)C[C@]2(C)[C@@]1(O)C(=O)CO,dexamethasone
C[C@H]1C[C@H]2[C@@H]3CC[C@](O)(C(C)=O)[C@@]3(C)CC[C@@H]2[C@@]2(C)CCC(=O)C=C12,medroxyprogesterone
C[C@]12CCC3C(CCC4=Cc5oncc5C[C@]34C)C1CC[C@@]2(O)C#C,danazol
C[C@@]12CC[C@H]3[C@@H](CCC4=Cc5oncc5C[C@]34C)[C@@H]2CC[C@@]1(O)C#C,danazol
CC12CCC3C(CCC4=Cc5oncc5CC34C)C2CCC1(O)C#C,danazol
C[C@]12CC[C@@H]3[C@@H](CCC4=Cc5oncc5C[C@]34C)[C@H]1CC[C@@]2(O)C#C,danazol
C[C@H]1C[C@H]2[C@H]3CC[C@](O)(C(=O)CO)[C@@]3(C)C[C@H](O)[C@H]2[C@@]2(C)C=CC(=O)C=C12,methylprednisolone
C[C@H]1CC2C3CC[C@](O)(C(=O)CO)[C@@]3(C)C[C@H](O)C2[C@@]2(C)C=CC(=O)C=C12,methylprednisolone
C[C@H]1C[C@H]2[C@@H]3CC[C@](O)(C(=O)CO)[C@@]3(C)C[C@H](O)[C@@H]2[C@@]4(C)C=CC(=O)C=C14,methylprednisolone
CC1(C)O[C@@H]2C[C@H]3[C@@H]4C[C@H](F)C5=CC(=O)C=C[C@]5(C)[C@@]4(F)[C@@H](O)C[C@]3(C)[C@@]2(O1)C(=O)CO,fluocinolone-acetonide
CC1(C)O[C@@H]2C[C@H]3[C@H]4C[C@H](F)C5=CC(=O)C=C[C@]5(C)[C@@]4(F)[C@@H](O)C[C@]3(C)[C@@]2(O1)C(=O)CO,fluocinolone-acetonide
CC1(C)O[C@@H]2CC3C4C[C@H](F)C5=CC(=O)C=C[C@]5(C)[C@@]4(F)[C@@H](O)C[C@]3(C)[C@@]2(O1)C(=O)CO,fluocinolone-acetonide
CCCC1OC2CC3C4CCC5=CC(=O)C=CC5(C)C4C(O)CC3(C)C2(O1)C(=O)CO,budesonide
CCCC1O[C@@H]2CC3C4CCC5=CC(=O)C=CC5(C)C4[C@@H](O)CC3(C)[C@@]2(O1)C(=O)CO,budesonide
CCCC1O[C@@H]2C[C@H]3[C@H]4CCC5=CC(=O)C=C[C@]5(C)[C@H]4[C@@H](O)C[C@]3(C)[C@@]2(O1)C(=O)CO,budesonide
CCCC1O[C@@H]2C[C@H]3[C@@H]4CCC5=CC(=O)C=C[C@]5(C)[C@H]4[C@@H](O)C[C@]3(C)[C@@]2(O1)C(=O)CO,budesonide
Cc1occc1CNc1ncnc2ccc(cc12)-c1ccc2OCOc2c1,CHEMBL1476499
Cc1cnc(Nc2ccc(F)cc2Cl)nc1-c1c[nH]c(c1)C(=O)N[C@H](CO)c1cccc(Cl)c1,VX-11e
CNC(=O)c1cc(COc2nnc(Nc3ccc(Cl)cc3)c3ccoc23)ccn1,telatinib
Cn1cnc2c(F)c(Nc3ccc(Br)cc3Cl)c(cc12)C(=O)NOCCO,selumetinib
CN1CCN(CC1)C2CCN(CC2)C3=CC(=C(C=C3)NC4=NC=C(C(=N4)C5=CNC6=CC=CC=C65)Cl)OC,HG-14-10-04
Cn1cnc2c(F)c(Nc3ccc(Br)cc3F)c(cc12)C(=O)NOCCO,binimetinib
Fc1ccc(Nc2c(cnc3cnc(NCc4cccnc4)cc23)C#N)cc1Cl,TC-S-7006
NC(Sc1ccccc1N)=C(C#N)/C(C#N)=C(N)Sc1ccccc1N,RefChem:244353
NC(Sc1ccccc1N)=C(C#N)/C(C#N)=C(/N)Sc1ccccc1N,"(3E)-2,3-bis[amino-(2-ami..."
NC(=C(C#N)C(=C(N)Sc1ccccc1N)C#N)Sc2ccccc2N,RefChem:244353
Oc1cccc(Nc2ncc(F)c(Nc3cccc(O)c3)n2)c1,R112
Brc1ccc(C=CCNCCNS(=O)(=O)c2cccc3cnccc23)cc1,H-89
COc1cc(Nc2c(cnc3cc(OCCCN4CCN(C)CC4)c(OC)cc23)C#N)c(Cl)cc1Cl,bosutinib
Cc1cc(cc2nnc(Nc3ccc(OCCN4CCCC4)cc3)nc12)-c1cc(OC(=O)c2ccccc2)ccc1Cl,TG-100801
O=C(NC1=C(Cl)C(OC)=CC(OC)=C1Cl)N(CC2=CC=C(NC(C=C)=O)C=C2)C3=CC(NC4=CC=C(N5CCN(C)CC5)C=C4)=NC=N3,FIIN-3
COc1cc(OC)c(Cl)c(NC(=O)N(Cc2ccc(NC(=O)C=C)cc2)c2cc(Nc3ccc(cc3)N3CCN(C)CC3)ncn2)c1Cl,FIIN-3
N[C@H]1CCCC[C@H]1Nc1ncc(C(N)=O)c(Nc2cccc(c2)-n2nccn2)n1,PRT062607
CC(C)Oc1cc(C2CCNCC2)c(C)cc1Nc1ncc(Cl)c(Nc2ccccc2S(=O)(=O)C(C)C)n1,ceritinib
COc1ccc2nc(Nc3nc(C)c(CCC(C)C)c(=O)[nH]3)nc(C)c2c1,SMR000077511
CN1CCN(CCOc2cc(OC3CCOCC3)c3c(Nc4c5OCOc5ccc4Cl)ncnc3c2)CC1,saracatinib
CN1CCN(CC1)CCOC2=CC(=C3C(=C2)N=CN=C3NC4=C(C=CC5=C4OCO5)Cl)OC6CCOCC6,saracatinib
COc1ccc(cc1COc1c(C)cccc1C)C1Nc2ccccc2C(=O)N1Cc1cccs1,MLS003370610
CCN(CCO)CCCC(C)Nc1ccnc2cc(Cl)ccc12,hydroxychloroquine
CN(C)S(=O)(=O)c1ccccc1Nc1nc(Nc2ccc(CN3CCN(C)CC3)cc2)ncc1Cl,TP-0903
Cc1cccc(c1)c2ccc3ncnc(NCc4cccnc4)c3c2,MLS002276498
CNC(=O)c1ccccc1Nc1nc(Nc2ccc(cc2OC)N2CCOCC2)ncc1Cl,NVP-TAE226
Nc1cccc(c1)-c1cc2c(Oc3cccc(O)c3)ncnc2[nH]1,TWS-119
Cc1ccc(cc1Nc1nc(nc2n(C)ncc12)-c1cccnc1)C(=O)Nc1cccc(c1)C(F)(F)F,NVP-BHG712
COc1ccc(N(C(=O)Oc2cc(ccc2C)C(=O)Nc2cccc(c2)C(F)(F)F)c2ccnc(Nc3ccc(cc3)N3CCN(C)CC3)n2)c(OC)c1,WH-4-025
CN1CCC(CC1)Nc1ncc2ncnc(Nc3ccc(F)c(Cl)c3)c2n1,BIBX-1382
CN1CCN(CC1)c1ccc(Nc2ncc(C)c(Nc3cccc(c3)S(=O)(=O)NC(C)(C)C)n2)cc1,TG-101209
CNc1cc2c(Nc3cccc(Br)c3)ncnc2cn1,PD-158780
CC(=O)Nc1cccc(c1)-n1c2c(C)c(=O)n(C)c(Nc3ccc(I)cc3F)c2c(=O)n(C2CC2)c1=O,trametinib
C(Cc1ccco1)Nc1ncnc2ccc(cc12)-c1ccc2OCOc2c1,CHEMBL1357975
OCCONC(=O)c1cc(CN2OCCCC2=O)c(F)c(F)c1Nc1ccc(I)cc1F,Ro-4987655
Cc1ccc(NC(=O)c2cccc(c2)C(C)(C)C#N)cc1Nc1ccc2ncn(C)c(=O)c2c1,AZ-628
COc1cc(ccc1Nc1ncc(Cl)c(Oc2cccc(NC(=O)C=C)c2)n1)N1CCN(C)CC1,WZ-4002
COc1cc(Nc2ncc(F)c(Nc3ccc4OC(C)(C)C(=O)Nc4n3)n2)cc(OC)c1OC,R406
Cc1cccc(CNc2ncnc3ccc(cc23)c4ccc5OCCOc5c4)c1,CHEMBL566283
Cc1cc(C(=O)NOCCO)c(Nc2ccc(I)cc2F)n(C)c1=O,AZD8330
CC(C)NCCCn1c(Sc2cc3OCOc3cc2I)nc2c(N)ncnc12,PU-H71
CN1CCN(CC1)c1ccc(Nc2ncc(Cl)c(Oc3cccc(NC(=O)C=C)c3)n2)cc1,WZ-3146
O=C1NC(=O)C(S1)=C/c1ccc2nccnc2c1,SCHEMBL668617
O=C1NC(=O)C(S1)=Cc1ccc2nccnc2c1,SCHEMBL668617
Fc1ccc(C(=O)NOCC2CC2)c(Nc2ccc(I)cc2Cl)c1F,PD-184352
OC[C@@H](O)CNC(=O)c1ccncc1Nc1ccc(I)cc1F,AS-703026
CS(=O)(=O)CCNCc1nc(cs1)-c1ccc2ncnc(Nc3ccc(OCc4cccc(F)c4)c(Cl)c3)c2c1,GW-583340
CNC(=O)c1cc(Oc2ccc(Nc3ncc(F)c(Nc4cccc(NC(=O)C=C)c4)n3)cc2)ccn1,CNX-774
Cn1c2ncn(C[C@@H](O)CO)c(=O)c2c(Nc2ccc(I)cc2F)c(F)c1=O,TAK-733
CCCS(=O)(=O)Nc1ccc(F)c(C(=O)c2c[nH]c3ncc(Cl)cc23)c1F,PLX4720
COc1cc(F)c(F)c(Nc2ccc(I)cc2F)c1NS(=O)(=O)C1(C[C@H](O)CO)CC1,refametinib
OC[C@@H](O)CONC(=O)c1ccc(F)c(F)c1Nc1ccc(I)cc1F,PD-0325901
OCC(O)CONC(=O)c1ccc(F)c(F)c1Nc1ccc(I)cc1F,PD-0325901
CCN1CCN(Cc2ccc(NC(=O)c3ccc(C)c(C=Cc4cnc5[nH]ccc5c4OC)c3)cc2C(F)(F)F)CC1,SCHEMBL2284518
CC1=CC=C(C(NC2=CC=C(CN3CCN(CC)CC3)C(C(F)(F)F)=C2)=O)C=C1/C=C/C4=C(OC)C5=C(NC=C5)N=C4,HG6-64-1
C(Nc1ncnc2ccc(cc12)-c1ccc2OCOc2c1)C1CC1,SCHEMBL1675329
C[C@@H](CO)N1C[C@H](C)[C@@H](CN(C)Cc2ccc(Cl)c(Cl)c2)Oc3ccc(NC(=O)c4ccncc4)cc3CC1=O,CHEBI:127856
C[C@@H](CO)N1C[C@H](C)[C@H](CN(C)Cc2ccc(Cl)c(Cl)c2)Oc3ccc(NC(=O)c4ccncc4)cc3CC1=O,CHEBI:130155
C[C@@H](CO)N1C[C@@H](C)[C@H](CN(C)Cc2ccc(Cl)c(Cl)c2)Oc3ccc(NC(=O)c4ccncc4)cc3CC1=O,CHEMBL2360603
C[C@H](CO)N1C[C@@H](C)[C@H](CN(C)Cc2ccc(Cl)c(Cl)c2)Oc3ccc(NC(=O)c4ccncc4)cc3CC1=O,CHEBI:129892
C[C@H](CO)N1C[C@H](C)[C@@H](CN(C)Cc2ccc(Cl)c(Cl)c2)Oc3ccc(NC(=O)c4ccncc4)cc3CC1=O,CHEBI:130270
C[C@H](CO)N1C[C@@H](C)[C@@H](CN(C)Cc2ccc(Cl)c(Cl)c2)Oc3ccc(NC(=O)c4ccncc4)cc3CC1=O,CHEBI:126709
C[C@@H](CO)N1C[C@@H](C)[C@@H](CN(C)Cc2ccc(Cl)c(Cl)c2)Oc3ccc(NC(=O)c4ccncc4)cc3CC1=O,CHEBI:126811
C[C@H](CO)N1C[C@H](C)[C@H](CN(C)Cc2ccc(Cl)c(Cl)c2)Oc3ccc(NC(=O)c4ccncc4)cc3CC1=O,CHEBI:127025
COc1ccc(NC(=O)Nc2ccc3O[C@H](CN(C)Cc4ccncc4)[C@@H](C)CN([C@H](C)CO)C(=O)Cc3c2)cc1,BRD-K79027087-001-01-8
C[C@@H](CO)N1C[C@H](C)[C@@H](CN(C)Cc2ccc(cc2)C(=O)Nc3ccccc3N)Oc4ccc(cc4CC1=O)N(C)C,CHEMBL2135770
C[C@@H](CO)N1C[C@@H](C)[C@@H](CN(C)Cc2ccc(cc2)C(=O)Nc3ccccc3N)Oc4ccc(cc4CC1=O)N(C)C,CHEMBL2359798
C[C@H](CO)N1C[C@@H](C)[C@@H](CN(C)Cc2ccc(cc2)C(=O)Nc3ccccc3N)Oc4ccc(cc4CC1=O)N(C)C,CHEMBL2360495
C[C@H](CO)N1C[C@H](C)[C@@H](CN(C)Cc2ccc(cc2)C(=O)Nc3ccccc3N)Oc4ccc(cc4CC1=O)N(C)C,CHEMBL2359857
C[C@H](CO)N1C[C@H](C)[C@H](CN(C)Cc2ccc(cc2)C(=O)Nc3ccccc3N)Oc4ccc(cc4CC1=O)N(C)C,CHEMBL2132717
C[C@H](CO)N1C[C@@H](C)[C@H](CN(C)Cc2ccc(cc2)C(=O)Nc3ccccc3N)Oc4ccc(cc4CC1=O)N(C)C,CHEMBL2133926
C[C@@H](CO)N1C[C@@H](C)[C@H](CN(C)Cc2ccc(cc2)C(=O)Nc3ccccc3N)Oc4ccc(cc4CC1=O)N(C)C,CHEMBL2360506
C[C@@H](CO)N1C[C@H](C)[C@H](CN(C)Cc2ccc(cc2)C(=O)Nc3ccccc3N)Oc4ccc(cc4CC1=O)N(C)C,BRD4586
C[C@H](CO)N1C[C@H](C)[C@H](CN(C)Cc2ccc(cc2)C(=O)Nc3ccccc3N)Oc4c(NC(=O)c5ccc(cc5)c6nccs6)cccc4C1=O,CHEBI:129523
C[C@@H](CO)N1C[C@H](C)[C@@H](CN(C)Cc2ccc(cc2)C(=O)Nc3ccccc3N)Oc4c(NC(=O)c5ccc(cc5)c6nccs6)cccc4C1=O,CHEMBL2142684
C[C@H](CO)N1C[C@H](C)[C@@H](CN(C)Cc2ccc(cc2)C(=O)Nc3ccccc3N)Oc4c(NC(=O)c5ccc(cc5)c6nccs6)cccc4C1=O,CHEMBL2131967
C[C@@H](CO)N1C[C@H](C)[C@H](CN(C)Cc2ccc(cc2)C(=O)Nc3ccccc3N)Oc4c(NC(=O)c5ccc(cc5)c6nccs6)cccc4C1=O,CHEMBL2139070
C[C@@H](CO)N1C[C@@H](C)[C@@H](CN(C)Cc2ccc(cc2)C(=O)Nc3ccccc3N)Oc4c(NC(=O)c5ccc(cc5)c6nccs6)cccc4C1=O,CHEMBL2134949
C[C@H](CO)N1C[C@@H](C)[C@H](CN(C)Cc2ccc(cc2)C(=O)Nc3ccccc3N)Oc4c(NC(=O)c5ccc(cc5)c6nccs6)cccc4C1=O,CHEBI:127665
C[C@H](CO)N1C[C@@H](C)[C@@H](CN(C)Cc2ccc(cc2)C(=O)Nc3ccccc3N)Oc4c(NC(=O)c5ccc(cc5)c6nccs6)cccc4C1=O,CHEMBL2133868
C[C@@H](CO)N1C[C@@H](C)[C@H](CN(C)Cc2ccc(cc2)C(=O)Nc3ccccc3N)Oc4c(NC(=O)c5ccc(cc5)c6nccs6)cccc4C1=O,CHEBI:129923
CN1CCCCC1CNc2ncnc3ccc(cc23)c4c(C)noc4C,MLS002264437
Cc1ccsc1CNc2ncnc3ccc(cc23)c4c(C)noc4C,MLS002264439
CC(Nc1ncnc2ccc(cc12)c3c(C)noc3C)c4ccco4,MLS002264438
CCOc1ccccc1CNc2ncnc3ccc(cc23)c4c(C)noc4C,MLS002264434
CC(C)(C)NC(=O)C(N(C(=O)c1cccs1)c1ccc(cc1)C(C)(C)C)c1cccnc1,CHEMBL2311705
Cc1cnc(Nc2ccc(OCCN3CCCC3)cc2)nc1Nc1cccc(c1)S(=O)(=O)NC(C)(C)C,fedratinib
COc1cccc(CNc2ncnc3ccc(cc23)c4c(C)noc4C)c1,MLS002264433
CC(=O)Nc1ccc(CNc2ncnc3ccc(cc23)c4c(C)noc4C)cc1,MLS002264436
Cc1noc(C)c1c2ccc3ncnc(O)c3c2,MLS001065887
C(Nc1ncnc2ccc(cc12)-c1ccc2OCOc2c1)C1CCOC1,RefChem:719531
COc1cc(ccc1Nc1ncc2N(C)C(=O)c3ccccc3N(C)c2n1)C(=O)N1CCC(CC1)N1CCN(C)CC1,LRRK2-IN-1
COC1CC(C)CC2=C(OC)C(=O)C=C(NC(=O)C(C)=CC=CC(OC)C(OC(N)=O)C(C)=CC(C)C1O)C2=O,geldanamycin
CO[C@H]1C[C@H](C)CC2=C(OC)C(=O)C=C(NC(=O)C(C)=CC=C/[C@H](OC)[C@@H](OC(N)=O)C(C)=C[C@H](C)[C@H]1O)C2=O,geldanamycin
CS(=O)(=O)CCNCc1ccc(o1)-c1ccc2ncnc(Nc3ccc(OCc4cccc(F)c4)c(Cl)c3)c2c1,lapatinib
CCc1ccc(NC(=O)CCCOc2cc(=O)n(C)c3ccccc23)cc1,CHEMBL1722927
COc1cccc(c1)c2ccc3ncnc(NCc4cccc(C)c4)c3c2,CHEMBL566495
Cc1ccnc(NC(=O)CCCOc2cc(=O)n(C)c3ccccc23)c1,MLS000089581
C[C@]12CC[C@@H]3[C@@H](CCC4=CC(=O)CC[C@]34C)[C@H]1CC[C@@]2(O)C#C,ethisterone
C[C@]12CC[C@H]3[C@@H](CCC4=CC(=O)CC[C@]34C)[C@@H]1CC[C@@]2(O)C#C,ethisterone
O=C1C2=C(C=CC=C2)N(C)C3=NC(NC4=CC(NC(/C=C/CN(C)C)=O)=CC=C4)=NC=C3N1C,XMD16-144
CN(C)CC=CC(=O)Nc1cccc(Nc2ncc3N(C)C(=O)c4ccccc4N(C)c3n2)c1,XMD16-144
COCCOc1ccc(Nc2ncc(F)c(Nc3cccc(NC(=O)C=C)c3)n2)cc1,AVL-292
Cn1c2ccccc2c(OCCCC(=O)Nc2cccc(Cl)c2)cc1=O,CHEMBL1734299
Cn1c2ccccc2c(OCCCC(=O)Nc2cc(Br)ccn2)cc1=O,MLS003329220
CC(C)CCN1C(C)C(=O)N(C)c2cnc(Nc3cc(F)c(O)c(F)c3)nc12,BI-D1870
CC(=O)O[C@]1(CC[C@H]2[C@@H]3CCC4=CC(=O)CC[C@@H]4[C@H]3CC[C@]12C)C#C,norethindrone-acetate
CC(=O)O[C@]1(CCC2C3CCC4=CC(=O)CC[C@@H]4C3CC[C@@]21C)C#C,norethindrone-acetate
CSc1cccc(NC(=O)CCCOc2cc(=O)n(C)c3ccccc23)c1,MLS002473426
FC(F)(F)c1ccc(Oc2cccc(C=C3CCN(CC3)C(=O)Nc3cccnn3)c2)nc1,PF-04457845
CC(C)(O)CC(=O)NCCn1ccc2ncnc(Nc3ccc(Oc4cccc(c4)C(F)(F)F)c(Cl)c3)c12,TAK-285
COc1ccc(CCN(C)CCCOc2ccc(cc2)S(=O)(=O)c2c(C(C)C)c3ccccc3n2C)cc1OC,SR-33805
C[C@]12CCC3C(CCC4=C3CCC(=O)C4)C1CC[C@@]2(O)C#C,noretynodrel
C[C@@]12CC[C@H]3[C@@H](CCC4=C3CCC(=O)C4)[C@@H]2CC[C@@]1(O)C#C,noretynodrel
C[C@]12CC[C@@H]3[C@@H](CCC4=C3CCC(=O)C4)[C@H]1CC[C@@]2(O)C#C,noretynodrel
FC(F)(F)c1cc(cc(c1)C(F)(F)F)-c1ncn(C=C/C(=O)NNc2cnccn2)n1,selinexor
C[C@H]1[C@H]2[C@H](C[C@H]3[C@@H]4CC[C@@H]5C[C@H](CC[C@]5(C)[C@H]4CC[C@]23C)O[C@@H]2O[C@H](CO)[C@H](O)[C@H](O)[C@H]2O[C@@H]2O[C@H](CO)[C@@H](O)[C@H](O)[C@H]2O)O[C@]11CCC(C)OC1,CHEBI:125436
C[C@H]1CC2C3CC[C@H](C(C)=O)[C@@]3(C)C[C@H](O)C2[C@@]2(C)CCC(=O)C=C12,medrysone
C[C@H]1C[C@H]2[C@H]3CC[C@H](C(C)=O)[C@@]3(C)C[C@H](O)[C@H]2[C@@]2(C)CCC(=O)C=C12,medrysone
C[C@H]1C[C@H]2[C@@H]3CC[C@H](C(=O)C)[C@@]3(C)C[C@H](O)[C@@H]2[C@@]4(C)CCC(=O)C=C14,medrysone
C[C@@]12CCC3C(CC[C@@H]4C[C@@H](O)CC[C@@]43C)[C@@]2(O)C[C@H](O)[C@@H]1C5=CC(=O)OC5,Spectrum_000474
COC[C@H]([C@@H](O)[C@@H](O)C(=O)NCC[C@@H](C)c1nc(/C=C/C[C@H]2OC3(C[C@H](O)[C@H]2C)OC([C@@H](C[C@@H](O)[C@@H](C)[C@@H](O)[C@@H](C)/C=C(C)/C(=C/C=C/C(=CC#N)/C)/C)OC)[C@@H](OP(=O)(O)O)C3(C)C)co1)N(C)C,Drug_COC[C@
CCN(CC)CCCC(C)Nc1c2ccc(Cl)cc2nc2ccc(OC)cc12,mepacrine
C[C@H]1[C@H]2[C@H](C[C@H]3[C@@H]4CC[C@@H]5C[C@@H](O)CC[C@]5(C)[C@H]4CC[C@]23C)O[C@]11CC[C@H](C)CO1,PYM50028
Cc1cc(c(O)c(C)c1CC1=NCCN1)C(C)(C)C,oxymetazoline
CCN(CC)CCCC(C)Nc1ccnc2cc(Cl)ccc12,chloroquine
CC#CCC(C)[C@H](O)C=C[C@H]1[C@H](O)C[C@@H]2CC(C[C@H]12)=C/CCCC(O)=O,iloprost
C[C@@H](CO)N1C[C@H](C)[C@H](CN(C)Cc2ccc(Oc3ccccc3)cc2)Oc4ccc(NC(=O)CCCCCC(=O)Nc5ccccc5N)cc4C1=O,CHEBI:125978
CC(C)N1CCc2c(C1)sc(NC(C)=O)c2-c1nc(cs1)-c1ccccc1,CHEMBL1700271
CN1CCc2c(C1)sc(NC(C)=O)c2-c1nc2ccccc2s1,CHEMBL1719929
CC(=O)Nc1sc2CNCCc2c1-c1cc2ccccc2o1,CHEMBL1890309
Nc1ccccc1NC(=O)c1cnc(Nc2ccccc2)nc1,SCHEMBL18086520
OC(C(=O)O[C@H]1C[N+]2(CCCOc3ccccc3)CCC1CC2)(c1cccs1)c1cccs1,aclidinium
CC(=O)Nc1sc2CNCCCc2c1-c1nc2ccccc2s1,MLS002607797
CC(C)N1CCc2sc(NC(C)=O)c(-c3nc4ccccc4s3)c2CC1,CHEMBL1716096
CC[C@H](C)C(=O)O[C@H]1C[C@@H](C)C=C2C=C[C@H](C)[C@H](CC[C@@H]3C[C@@H](O)CC(=O)O3)[C@@H]12,lovastatin
CC[C@H](C)C(=O)O[C@H]1C[C@@H](C)C=C2C=C[C@H](C)[C@H](CC[C@@H]3C[C@@H](O)CC(=O)O3)[C@H]12,lovastatin
Oc1ccccc1NC(=O)CCCCCCC(=O)N/N=C/c2c(O)ccc3ccccc23,CHEBI:125207
CCC(C)(C)C(=O)O[C@H]1C[C@@H](C)C=C2C=C[C@H](C)[C@H](CC[C@@H]3C[C@@H](O)CC(=O)O3)[C@@H]12,simvastatin
CCC(C)(C)C(=O)OC1CC(C)C=C2C=CC(C)C(CCC3CC(O)CC(=O)O3)C12,simvastatin
CCC(C)(C)C(=O)O[C@H]1C[C@@H](C)C=C2C=C[C@H](C)[C@@H](CC[C@@H]3C[C@@H](O)CC(=O)O3)[C@H]12,simvastatin
COC1=CC23CCCN3CCc4cc5OCOc5cc4C2C1O,38848-21-4
CN1CCN(CC1)c1ccc(Nc2ncc3c(n2)n(-c2cccc(n2)C(C)(C)O)n(CC=C)c3=O)cc1,MK-1775
NC(=O)Nc1sc(cc1C(N)=O)-c1ccc(F)cc1,TPCA-1
NCCCC[C@H](NC(=O)[C@@H]1CCCN1C(=O)[C@@H]1CSSC[C@H](N)C(=O)N[C@@H](Cc2ccc(O)cc2)C(=O)N[C@@H](Cc2ccccc2)C(=O)N[C@@H](CCC(N)=O)C(=O)N[C@@H](CC(N)=O)C(=O)N1)C(=O)NCC(N)=O,lypressin
Clc1ccc2nc(NC(=O)Cc3ccccc3)n3nc(nc3c2c1)-c1ccco1,MRS-1220
COc1ccc(cc1OC)C(=O)N1CCCc2cc(ccc12)C1=NNC(=O)SC1C,EMD-53998
COc1c(O[C@@H]2O[C@H](CO)[C@@H](O)[C@H](O)[C@H]2O)cc3CCC(NC(=O)C)c4cc(=O)c(SC)ccc4-c3c1OC,thiocolchicoside
COc1c(O[C@@H]2O[C@H](CO)[C@@H](O)[C@H](O)[C@H]2O)cc2CC[C@H](NC(C)=O)c3cc(=O)c(SC)ccc3-c2c1OC,thiocolchicoside
COc1cc2C(C)NCCc2cc1O,76419-97-1
COc1nc(c2ccc3OCOc3c2)n(n1)c4ccc(NC(=O)CSc5ccccc5)cc4,SecinH3
C(Oc1cccc2C=C(CN3CCOCC3)COc12)C4CNCCO4,NAS-181
CSc1cc2CCN(C(=O)Nc3cccnc3)c2cc1C(F)(F)F,SB-221284
COc1cc2CCNC(C)c2cc1OC,5784-74-7
C[C@H]1CCC[C@@]2(C)O[C@H]2C[C@H](OC(=O)C[C@H](O)C(C)(C)C(=O)[C@H](C)[C@H]1O)C(C)=Cc1csc(C)n1,epothilone-B
C[C@H]1CCC[C@@]2(C)O[C@H]2C[C@@H](OC(=O)C[C@@H](O)C(C)(C)C(=O)[C@H](C)[C@H]1O)C(C)=Cc1csc(C)n1,epothilone-B
C[C@H]1CNCCc2ccc(Cl)cc12,Lorcaserin
COc1cc(ccc1Nc1cc(Nc2ccccc2S(=O)(=O)C(C)C)c2cc[nH]c2n1)N1CCC(O)CC1,Mps1-IN-1
CN1CCN(CC1)c1ccc(OC(F)(F)F)c(Nc2ncc3CCc4c(nn(CCO)c4-c3n2)C(N)=O)c1,NMS-1286937
CCCCC[C@H](O)/C=C/[C@H]1C=CC(=O)[C@@H]1CCCCCCC(=O)O,prostaglandin A1
CCCOCCn1c2cc(ncc2nc(N2CCN(CCO)CC2)c1=O)-c1ccc(OC)nc1,PF-03049423
CC1(C)C[C@H]1C(=O)NC(C(O)=O)=C/CCCCSC[C@@H](N)C(O)=O,cilastatin
CC1(C)CC1C(=O)NC(=CCCCCSCC(N)C(=O)O)C(=O)O,cilastatin
CC1(C)C[C@@H]1C(=O)N/C(=CCCCCSC[C@H](N)C(=O)O)/C(=O)O,cilastatin
COc1ccc2[C@H](OC(=O)c2c1OC)[C@@H]1N(C)CCc2cc3OCOc3cc12,"hydrastine-(1R,9S)"
NC(=O)C1CCCN1C(=O)C(Cc1c[nH]cn1)NC(=O)C1CCC(=O)N1,protirelin
C(Nc1ncnc2ccc(cc12)c3ccoc3)c4cccnc4,NCGC00012852
NC(=O)C1CC2(NC(=O)NC2=O)c2cc(F)ccc2O1,fidarestat
C(Nc1ncnc2ccc(cc12)c3cccnc3)c4cccs4,CHEMBL1609579
CCCNC(=O)N1N=C(c2ccc(N)cc2)c2cc3OCOc3cc2C1C,SYM-2206
CN1CCN(Cc2ccc(cc2)C(=O)Nc2ccc(C)c(Nc3nccc(n3)-c3cccnc3)c2)CC1,imatinib
CC1CC2C3CCC4=CC(=O)C=CC4(C)[C@@]3(Cl)C(O)CC2(C)C1(O)C(=O)CO,beclomethasone
CCCCC(=O)OC1(CCC2C3CCC4=CC(=O)CCC4(C)C3C(O)CC12C)C(=O)CO,hydrocortisone-valerate
CCCCC(=O)O[C@@]1(CCC2C3CCC4=CC(=O)CC[C@]4(C)C3[C@@H](O)C[C@]12C)C(=O)CO,hydrocortisone-valerate
OC[C@H](O)[C@H](O)[C@@H](O)[C@@H](O)/C=N/NC(=O)CCCCC(=O)NO,RefChem:691299
OC[C@@H](O)[C@@H](O)[C@H](O)[C@H](O)/C=N/NC(=O)CCCCC(=O)NO,RefChem:718216
C/C=C(C)/C(=O)OC1CCC(=O)OC1C=CC(O)C(C)O,RefChem:693109
CCCCC[C@H](O)C=C[C@H]1[C@H](CC=C/CCCC(O)=O)[C@@H](O)CC1=O,LSM-5269
CNC(=O)C1OC(C(O)C1O)n2cnc3c(NCc4cccc(I)c4)ncnc23,IB-MECA
CNC(=O)[C@H]1O[C@H](C(O)[C@H]1O)n2cnc3c(NCc4cccc(I)c4)ncnc23,IB-MECA
CNC(=O)[C@H]1O[C@H]([C@H](O)[C@@H]1O)n1cnc2c(NCc3cccc(I)c3)ncnc12,IB-MECA
CCCCC[C@H](O)CC[C@H]1[C@H](O)CC2Cc3c(C)cccc3CC12,SCHEMBL19542723
CC(C)C(=O)[C@@]12C(=O)C(CC=C(C)C)C(=O)[C@@](CC=C(C)C)(C[C@H](CC=C(C)C)[C@@]1(C)CCC=C(C)C)C2=O,CHEBI:94446
ONC(=O)CCCCCC(=O)N/N=C/c1ccc(o1)S(=O)(=O)O,CHEBI:124934
COC(=O)CCCCCCC(=O)N/N=C/c1cc(Br)ccc1OC,Ald1-H_000965
C[C@@H]1O[C@@H](O[C@H]2[C@H](O[C@H]3CC[C@@]4(C)C(CC[C@]5(C)C4CC[C@@H]6C7[C@@](C)(O)[C@@H](CC=C(C)C)O[C@@]7(O)[C@H](O)[C@]65C)C3(C)C)O[C@H](CO)[C@H](O)[C@@H]2O[C@@H]8O[C@H](CO)[C@@H](O)[C@H](O)[C@H]8O)[C@H](O)[C@H](O)[C@H]1O,MEGxp0_001444
CC(=C)[C@@H](CC=C(C)C)C[C@]12C[C@H](CC=C(C)C)C(C)(C)[C@](CC=C(C)C)(C(=O)C(C(=O)c3ccc(O)c(O)c3)C1=O)C2=O,CHEBI:125404
CC(=CCc1c(O)c(CC=C(C)C)c2OC(CC(=O)c2c1O)c3ccc(O)cc3)C,MLS000876964
CC(C)CCCC(C)CCCC(C)CCC/C(=C/CC1=C(C)C(=O)c2ccccc2C1=O)/C,phytonadione
CNC(=O)[C@H]1O[C@H]([C@@H](O)C1O)n1cnc2c(NCc3cccc(I)c3)nc(Cl)nc12,CF102
OC[C@H]1O[C@H]([C@H](O)[C@@H]1O)n2cnc3c(NCc4ccco4)ncnc23,Kinetin riboside
CC(C)=CCCC(C)=CCCC(C)=CCCC(C)=CCC1=C(C)C(=O)c2ccccc2C1=O,menatetrenone
C[C@@H]1C[C@@H]2[C@@H]3C[C@H](F)C4=CC(=O)C=C[C@]4(C)[C@@]3(Cl)[C@@H](O)C[C@]2(C)[C@H]1C(=O)COC(=O)C(C)(C)C,clocortolone-pivalate
C[C@@H]1C[C@H]2[C@@H]3C[C@H](F)C4=CC(=O)C=C[C@]4(C)[C@@]3(Cl)[C@@H](O)C[C@]2(C)[C@H]1C(=O)COC(=O)C(C)(C)C,clocortolone-pivalate
CC(C)C[C@H](NC(=O)c1ccc(NC[C@@H](N)CS)cc1-c1cccc2ccccc12)C(O)=O,GGTI-297
COc1ccc2C(Cc3ccc(OC)c(O)c3)NCCc2c1,MLS001060837
CSc1nc(nc(n1)c2ccc(C)cc2)C(Cl)Cl,ML100
Cc1ccc2nc(Nc3ccccc3)nc(c4ccccc4)c2c1,361467-88-1
Cc1ccc(/C=C(C#N)/c2nc3ccc(C)cc3[nH]2)o1,CHEBI:95285
Cc1cc(cc(C)c1CC1=NCCN1)C(C)(C)C,xylometazoline
Cc1ccc2nc(NC3=NC4=C(C(=O)CCC4)C4(CCCC4)N3)oc2c1,CHEMBL1472453
CS(=O)(=O)Nc1ccc2O[C@@H]3[C@@H](C[C@H](CC(=O)NCc4ccncc4)O[C@@H]3CO)c2c1,CHEBI:117361
CS(=O)(=O)Nc1ccc2O[C@@H]3[C@@H](C[C@@H](CC(=O)NCc4ccncc4)O[C@H]3CO)c2c1,CHEBI:117486
CS(=O)(=O)Nc1ccc2O[C@@H]3[C@@H](C[C@H](CC(=O)NCc4ccncc4)O[C@H]3CO)c2c1,CHEBI:117395
CS(=O)(=O)Nc1ccc2O[C@@H]3[C@@H](C[C@@H](CC(=O)NCc4ccncc4)O[C@@H]3CO)c2c1,CHEBI:117321
CS(=O)(=O)Nc1ccc2O[C@H]3[C@H](C[C@H](CC(=O)NCc4ccncc4)O[C@@H]3CO)c2c1,CHEBI:117416
CS(=O)(=O)Nc1ccc2O[C@H]3[C@H](C[C@@H](CC(=O)NCc4ccncc4)O[C@@H]3CO)c2c1,CHEBI:117383
CS(=O)(=O)Nc1ccc2O[C@H]3[C@H](C[C@H](CC(=O)NCc4ccncc4)O[C@H]3CO)c2c1,CHEBI:117377
CS(=O)(=O)Nc1ccc2O[C@H]3[C@H](C[C@@H](CC(=O)NCc4ccncc4)O[C@H]3CO)c2c1,CHEBI:117438
CO[C@@H]1CN(C)C(=O)c2ccc(NS(=O)(=O)c3ccc(Cl)cc3)cc2OC[C@@H](C)N(C[C@H]1C)C(=O)Cc1cccnc1,CHEBI:98120
CS(=O)(=O)Nc1ccc2O[C@@H]3[C@@H](C[C@@H](CC(=O)NC4CCCC4)O[C@@H]3CO)c2c1,CHEBI:97318
CS(=O)(=O)Nc1ccc2O[C@H]3[C@H](C[C@@H](CC(=O)NC4CCCC4)O[C@H]3CO)c2c1,CHEBI:102258
CS(=O)(=O)Nc1ccc2O[C@H]3[C@H](C[C@H](CC(=O)NC4CCCC4)O[C@H]3CO)c2c1,CHEBI:97235
CS(=O)(=O)Nc1ccc2O[C@@H]3[C@@H](C[C@H](CC(=O)NC4CCCC4)O[C@@H]3CO)c2c1,CHEBI:100183
CS(=O)(=O)Nc1ccc2O[C@H]3[C@H](C[C@H](CC(=O)NC4CCCC4)O[C@@H]3CO)c2c1,CHEBI:99147
CS(=O)(=O)Nc1ccc2O[C@H]3[C@H](C[C@@H](CC(=O)NC4CCCC4)O[C@@H]3CO)c2c1,CHEBI:103021
CS(=O)(=O)Nc1ccc2O[C@@H]3[C@@H](C[C@@H](CC(=O)NC4CCCC4)O[C@H]3CO)c2c1,CHEBI:101067
CS(=O)(=O)Nc1ccc2O[C@@H]3[C@@H](C[C@H](CC(=O)NC4CCCC4)O[C@H]3CO)c2c1,CHEBI:100196
C[C@@H](CO)N1C[C@H](C)[C@H](CN(C)C(=O)c2ccncc2)OCc3cn(CCCC1=O)nn3,SCHEMBL17487105
C[C@H](CO)N1C[C@@H](C)[C@@H](CN(C)C(=O)c2ccncc2)OCc3cn(CCCC1=O)nn3,CHEBI:96133
C[C@H](CO)N1C[C@H](C)[C@H](CN(C)C(=O)c2ccncc2)OCc3cn(CCCC1=O)nn3,CHEBI:95610
C[C@@H](CO)N1C[C@@H](C)[C@H](CN(C)C(=O)c2ccncc2)OCc3cn(CCCC1=O)nn3,MLS003129450
C[C@H](CO)N1C[C@H](C)[C@@H](CN(C)C(=O)c2ccncc2)OCc3cn(CCCC1=O)nn3,MLS003129747
C[C@@H](CO)N1C[C@@H](C)[C@@H](CN(C)C(=O)c2ccncc2)OCc3cn(CCCC1=O)nn3,CHEBI:96310
C[C@@H](CO)N1C[C@H](C)[C@@H](CN(C)C(=O)c2ccncc2)OCc3cn(CCCC1=O)nn3,MLS003129655
C[C@H](CO)N1C[C@H](C)[C@H](CN(C)C(=O)Nc2ccc(cc2)C(F)(F)F)OCc3cn(CCCC1=O)nn3,CHEBI:96038
C[C@H](CO)N1C[C@H](C)[C@@H](CN(C)C(=O)Nc2ccc(cc2)C(F)(F)F)OCc3cn(CCCC1=O)nn3,MLS003129591
C[C@@H](CO)N1C[C@H](C)[C@@H](CN(C)C(=O)Nc2ccc(cc2)C(F)(F)F)OCc3cn(CCCC1=O)nn3,MLS003129409
C[C@@H](CO)N1C[C@@H](C)[C@H](CN(C)C(=O)Nc2ccc(cc2)C(F)(F)F)OCc3cn(CCCC1=O)nn3,MLS003129215
C[C@@H](CO)N1C[C@H](C)[C@H](CN(C)C(=O)Nc2ccc(cc2)C(F)(F)F)OCc3cn(CCCC1=O)nn3,CHEBI:96863
C[C@H](CO)N1C[C@@H](C)[C@H](CN(C)C(=O)Nc2ccc(cc2)C(F)(F)F)OCc3cn(CCCC1=O)nn3,MLS003129156
CO[C@H]1CN(C)C(=O)c2ccc(NS(=O)(=O)c3cccc(OC)c3)cc2OC[C@@H](C)N(C[C@@H]1C)C(=O)Cc1cccnc1,CHEBI:104533
CO[C@@H]1CN(C)C(=O)c2ccc(NS(=O)(=O)c3cccc(OC)c3)cc2OC[C@@H](C)N(C[C@H]1C)C(=O)Cc1cccnc1,CHEBI:104340
CO[C@H]1CN(C)C(=O)c2ccc(NS(=O)(=O)c3cccc(OC)c3)cc2OC[C@H](C)N(C[C@H]1C)C(=O)Cc1cccnc1,CHEBI:104502
CO[C@H]1CN(C)C(=O)c2ccc(NS(=O)(=O)c3cccc(OC)c3)cc2OC[C@@H](C)N(C[C@H]1C)C(=O)Cc1cccnc1,CHEBI:104444
CO[C@@H]1CN(C)C(=O)c2ccc(NS(=O)(=O)c3cccc(OC)c3)cc2OC[C@@H](C)N(C[C@@H]1C)C(=O)Cc1cccnc1,CHEBI:104523
CO[C@@H]1CN(C)C(=O)c2ccc(NS(=O)(=O)c3cccc(OC)c3)cc2OC[C@H](C)N(C[C@@H]1C)C(=O)Cc1cccnc1,CHEBI:104307
O=C(NC1CC1)c2cc(on2)c3cccs3,ISX-9
CO[C@@H]1CN(C)C(=O)c2cc(NS(=O)(=O)c3cccc(F)c3)ccc2OC[C@H](C)N(C[C@@H]1C)C(=O)Cc1cccnc1,CHEBI:102690
CO[C@@H]1CN(C)C(=O)c2cc(NS(=O)(=O)c3cccc(F)c3)ccc2OC[C@H](C)N(C[C@H]1C)C(=O)Cc1cccnc1,CHEBI:100933
CO[C@H]1CN(C)C(=O)c2cc(NS(=O)(=O)c3cccc(F)c3)ccc2OC[C@H](C)N(C[C@@H]1C)C(=O)Cc1cccnc1,CHEBI:97679
CO[C@H]1CN(C)C(=O)c2cc(NS(=O)(=O)c3cccc(F)c3)ccc2OC[C@H](C)N(C[C@H]1C)C(=O)Cc1cccnc1,CHEBI:98099
CO[C@@H](C(=O)N1Cc2[nH]nc(NC(=O)c3ccc(cc3)N3CCN(C)CC3)c2C1)c1ccccc1,Danusertib
Nc1ccc(cn1)C(=O)Nc1cccc(c1)-c1nc(N2CCOCC2)c2oc3ncccc3c2n1,YM-201636
CC(C)(C)c1nc(c(s1)-c1ccnc(N)n1)-c1cccc(NS(=O)(=O)c2c(F)cccc2F)c1F,dabrafenib
COc1c(C)c2COC(=O)c2c(O)c1CC=C(/C)CCC(=O)OCCN1CCOCC1,mycophenolate-mofetil
Cn1cc(cn1)-c1ccc2ncc3ccc(=O)n(-c4ccc5CCN(C(=O)C=C)c5c4)c3c2c1,QL47
Cc1cc2n(C)c3c(cnn(Cc4c(Cl)ccc(C)c4F)c3=O)c2s1,MLS003178536
NC(=O)N(c1ccc(C(N)=O)c(n1)-c1ccc(F)cc1F)c1c(F)cccc1F,VX-702
COc1ccc(C[C@H](N)C(=O)N[C@H]2[C@@H](O)[C@@H](O[C@@H]2CO)n3cnc4c(ncnc34)N(C)C)cc1,puromycin
COc1ccc(C[C@H](N)C(=O)N[C@@H]2[C@@H](CO)OC([C@@H]2O)n2cnc3c(ncnc23)N(C)C)cc1,puromycin
COc1nc(N)nc2n(cnc12)[C@@H]1O[C@H](CO)[C@@H](O)[C@@H]1O,nelarabine
COC(=O)C[C@](O)(CCCC(C)(C)O)C(=O)O[C@H]1[C@H]2c3cc4OCOc4cc3CCN3CCC[C@]23C=C1OC,homoharringtonine
C[C@H]1CCC[C@@]2(C)O[C@H]2C[C@H](NC(=O)C[C@H](O)C(C)(C)C(=O)[C@H](C)[C@H]1O)C(C)=Cc1csc(C)n1,ixabepilone
CCCCCCCCCCCCC/C=C/[C@@H](O)[C@@H](N)CO,sphingosine
CC(N)CCCC(C)(C)O,heptaminol
Cc1cc(C)c(Nc2ccnc(Nc3ccc(cc3)C#N)n2)c(C)c1,dapivirine
CC(C)C[C@@H](NC(C)=O)C(O)=O,acetyl-l-leucine
CC(C)C[C@H](NC(C)=O)C(O)=O,acetyl-l-leucine
CC(C)C[C@H](NC(=O)CNC(=O)c1cc(Cl)ccc1Cl)B1OC(=O)CC(CC(O)=O)(O1)C(O)=O,ixazomib-citrate
CC[C@H]1CN2CCc3cc(OC)c(OC)cc3[C@@H]2C[C@@H]1C[C@H]1NCCc2cc(OC)c(OC)cc12,emetine
CC[C@@H]1CN2CCc3cc(OC)c(OC)cc3[C@H]2C[C@H]1C[C@@H]1NCCc2cc(OC)c(OC)cc12,emetine
CC[C@H]1CN2CCc3cc(OC)c(OC)cc3C2C[C@@H]1CC1NCCc2cc(OC)c(OC)cc12,emetine
Cc1cc2n(C)c3c(cnn(Cc4ccc(F)cc4F)c3=O)c2s1,MLS003178538
CCCS(=O)(=O)Nc1ccc(F)c(C(=O)c2c[nH]c3ncc(cc23)-c2ccc(Cl)cc2)c1F,vemurafenib
CCSc1nnc(NC(=O)c2nc(ncc2Cl)S(=O)(=O)Cc3ccc(F)cc3)s1,MLS001116216
CC[C@H]1CN2CCc3cc(OC)c(OC)cc3[C@@H]2C[C@@H]1C[C@H]4NCCc5cc(O)c(OC)cc45,Cephaeline
COC1=C[C@@]23CCCN3CCc4cc5OCOc5cc4[C@]2(C)C1OC(=O)[C@@](O)(CCCC(C)(C)O)CC(=O)O,RefChem:725628
COc1c(C)cnc(Cn2cnc3c(Cl)nc(N)nc23)c1C,BIIB021
CCCC[C@@H](C)/C=C(C)/C=C(C)/C(=O)NC1=C[C@@](O)(C=CC=CC=CC(=O)NC2C(=O)CCC2=O)[C@@H]3O[C@@H]3C1=O,Drug_CCCC[C
CCCC[C@@H](C)C=C(C)C=C(/C)C(=O)NC1=C[C@@](O)(C=CC=CC=CC(=O)NC2C(=O)CCC2=O)[C@@H]2OC2C1=O,LSM-4477
C[C@@H](CO)N1C[C@H](C)[C@H](CN(C)Cc2ccc(Cl)c(Cl)c2)Oc3ccc(NC(=O)CCCCCC(=O)Nc4ccccc4N)cc3C1=O,CHEBI:127455
C[C@H](CO)N1C[C@@H](C)[C@@H](CN(C)Cc2ccc(Cl)c(Cl)c2)Oc3ccc(NC(=O)CCCCCC(=O)Nc4ccccc4N)cc3C1=O,CHEMBL2355034
C[C@H](CO)N1C[C@H](C)[C@@H](CN(C)Cc2ccc(Cl)c(Cl)c2)Oc3ccc(NC(=O)CCCCCC(=O)Nc4ccccc4N)cc3C1=O,CHEBI:127972
C[C@H](CO)N1C[C@H](C)[C@H](CN(C)Cc2ccc(Cl)c(Cl)c2)Oc3ccc(NC(=O)CCCCCC(=O)Nc4ccccc4N)cc3C1=O,CHEBI:130302
C[C@H](CO)N1C[C@@H](C)[C@@H](CN(C)Cc2ccc(Cl)c(Cl)c2)Oc3ccc(NC(=O)CCCCCC(=O)Nc4ccccc4N)cc3CC1=O,CHEMBL2140815
C[C@H](CO)N1C[C@H](C)[C@@H](CN(C)Cc2ccc(Cl)c(Cl)c2)Oc3ccc(NC(=O)CCCCCC(=O)Nc4ccccc4N)cc3CC1=O,CHEBI:129100
C[C@@H](CO)N1C[C@@H](C)[C@@H](CN(C)Cc2ccc(Cl)c(Cl)c2)Oc3ccc(NC(=O)CCCCCC(=O)Nc4ccccc4N)cc3CC1=O,CHEBI:125926
C[C@@H](CO)N1C[C@@H](C)[C@H](CN(C)Cc2ccc(Cl)c(Cl)c2)Oc3ccc(NC(=O)CCCCCC(=O)Nc4ccccc4N)cc3CC1=O,BRD-K02519835-001-01-1
C[C@H](CO)N1C[C@H](C)[C@@H](CN(C)S(=O)(=O)c2ccc(Cl)cc2)Oc3ccc(NC(=O)CCCCCC(=O)Nc4ccccc4N)cc3CC1=O,CHEBI:126715
C[C@@H](CO)N1C[C@@H](C)[C@@H](CN(C)Cc2ccc(cc2)C(=O)Nc3ccccc3N)Oc4ccc(NC(=O)CCN5CCOCC5)cc4CC1=O,CHEBI:129417
C[C@H](CO)N1C[C@H](C)[C@@H](CN(C)S(=O)(=O)c2ccc(Cl)cc2)Oc3ccc(NC(=O)CCCCCC(=O)Nc4ccccc4N)cc3C1=O,CHEBI:127589
C[C@@H](CO)N1C[C@H](C)[C@H](CN(C)Cc2ccc(cc2)C(=O)Nc3ccccc3N)Oc4c(NC(=O)Nc5ccccc5)cccc4C1=O,CHEBI:128878
C[C@@H](CO)N1C[C@H](C)[C@@H](CN(C)Cc2ccc(cc2)C(=O)Nc3ccccc3N)Oc4c(NC(=O)Nc5ccccc5)cccc4C1=O,CHEMBL2141840
C[C@H](CO)N1C[C@H](C)[C@H](CN(C)Cc2ccc(cc2)C(=O)Nc3ccccc3N)Oc4c(NC(=O)Nc5ccccc5)cccc4C1=O,CHEMBL2361177
C[C@H](CO)N1C[C@H](C)[C@@H](CN(C)Cc2ccc(cc2)C(=O)Nc3ccccc3N)Oc4c(NC(=O)Nc5ccccc5)cccc4C1=O,CHEMBL2131985
C[C@H](CO)N1C[C@@H](C)[C@@H](CN(C)Cc2ccc(cc2)C(=O)Nc3ccccc3N)Oc4c(NC(=O)Nc5ccccc5)cccc4C1=O,CHEMBL2361430
C[C@@H](CO)N1C[C@@H](C)[C@@H](CN(C)Cc2ccc(cc2)C(=O)Nc3ccccc3N)Oc4c(NC(=O)Nc5ccccc5)cccc4C1=O,BRD6708
C[C@H](CO)N1C[C@H](C)[C@H](CN(C)Cc2ccc(Oc3ccccc3)cc2)Oc4ccc(NC(=O)CCCCCC(=O)Nc5ccccc5N)cc4CC1=O,CHEMBL2362360
C[C@@H](CO)N1C[C@H](C)[C@H](CN(C)Cc2ccc(Oc3ccccc3)cc2)Oc4ccc(NC(=O)CCCCCC(=O)Nc5ccccc5N)cc4CC1=O,CHEMBL2137269
C[C@@H](CO)N1C[C@H](C)[C@@H](CN(C)Cc2ccc(Oc3ccccc3)cc2)Oc4ccc(NC(=O)CCCCCC(=O)Nc5ccccc5N)cc4CC1=O,CHEBI:129205
C[C@@H](CO)N1C[C@@H](C)[C@@H](CN(C)Cc2ccc(Oc3ccccc3)cc2)Oc4ccc(NC(=O)CCCCCC(=O)Nc5ccccc5N)cc4CC1=O,CHEBI:127914
C[C@H](CO)N1C[C@@H](C)[C@H](CN(C)Cc2ccc(Oc3ccccc3)cc2)Oc4ccc(NC(=O)CCCCCC(=O)Nc5ccccc5N)cc4CC1=O,CHEBI:130482
C[C@H](CO)N1C[C@@H](C)[C@@H](CN(C)Cc2ccc(Oc3ccccc3)cc2)Oc4ccc(NC(=O)CCCCCC(=O)Nc5ccccc5N)cc4CC1=O,CHEBI:126993
C[C@@H](CO)N1C[C@H](C)[C@H](CN(C)Cc2ccc(cc2)C(F)(F)F)Oc3ccc(NC(=O)CCCCCC(=O)Nc4ccccc4N)cc3C1=O,CHEBI:125774
C[C@@H](CO)N1C[C@H](C)[C@@H](CN(C)Cc2ccccc2)OCCCC[C@@H](C)Oc3ccc(NC(=O)CCCCCC(=O)Nc4ccccc4N)cc3C1=O,CHEBI:128059
CNC(=O)c1cccc(c1)-c1ccc2c(nc(nc2n1)N1CCOC[C@@H]1C)N1CCOC[C@@H]1C,AZD2014
COc1nccc(-c2ccc3nccc(-c4ccnnc4)c3c2)c1NS(=O)(=O)c1ccc(F)cc1F,EX-8678
CO[C@@H]1C[C@H](C[C@@H](C)[C@@H]2CC(=O)[C@H](C)C=C(C)[C@@H](O)[C@@H](OC)C(=O)[C@H](C)C[C@H](C)C=CC=CC=C(C)[C@H](C[C@H]3CC[C@@H](C)[C@@](O)(O3)C(=O)C(=O)N3CCCC[C@H]3C(=O)O2)OC)CC[C@@H]1OC(=O)C(C)(CO)CO,temsirolimus
COC1CC(CC(C)C2CC(=O)C(C)C=C(C)C(O)C(OC)C(=O)C(C)CC(C)C=CC=CC=C(C)C(CC3CCC(C)C(O)(O3)C(=O)C(=O)N3CCCCC3C(=O)O2)OC)CCC1OC(=O)C(C)(CO)CO,temsirolimus
CO[C@@H]1C[C@H](C[C@H](C)[C@@H]2CC(=O)[C@H](C)C=C(C)[C@H](O)[C@@H](OC)C(=O)[C@H](C)C[C@H](C)C=CC=CC=C(C)[C@H](C[C@@H]3CC[C@@H](C)[C@@](O)(O3)C(=O)C(=O)N3CCCC[C@H]3C(=O)O2)OC)CC[C@H]1OCCO,everolimus
CO[C@@H]1C[C@H](C[C@@H](C)[C@@H]2CC(=O)[C@H](C)C=C(C)[C@@H](O)[C@@H](OC)C(=O)[C@H](C)C[C@H](C)C=CC=CC=C(C)[C@H](C[C@@H]3CC[C@@H](C)[C@@](O)(O3)C(=O)C(=O)N3CCCC[C@H]3C(=O)O2)OC)CC[C@H]1OCCO,everolimus
CC1CCC2CC(C(=CC=CC=CC(CC(C(=O)C(C(C(=CC(C(=O)CC(OC(=O)C3CCCCN3C(=O)C(=O)C1(O2)O)C(C)CC4CCC(C(C4)OC)OCCO)C)C)O)OC)C)C)C)OC,everolimus
CO[C@@H]1C[C@H](C[C@@H](C)[C@@H]2CC(=O)[C@H](C)C=C(C)[C@@H](O)[C@@H](OC)C(=O)[C@H](C)C[C@H](C)C=C/C=C/C=C(C)/[C@H](C[C@@H]3CC[C@@H](C)[C@@](O)(O3)C(=O)C(=O)N3CCCC[C@H]3C(=O)O2)OC)CC[C@H]1O,sirolimus
CO[C@@H]1CC(CC(C)[C@@H]2CC(=O)[C@H](C)C=C(C)[C@@H](O)[C@@H](OC)C(=O)[C@@H](C)C[C@H](C)C=CC=CC=C(C)/[C@H](C[C@@H]3CC[C@@H](C)[C@@](O)(O3)C(=O)C(=O)N3CCCC[C@H]3C(=O)O2)OC)CC[C@H]1O,sirolimus
COC1CC(CC(C)C2CC(=O)C(C)C=C(C)C(O)C(OC)C(=O)C(C)CC(C)C=CC=CC=C(C)C(CC3CCC(C)C(O)(O3)C(=O)C(=O)N3CCCCC3C(=O)O2)OC)CCC1O,sirolimus
CO[C@@H]1C[C@H](C[C@@H](C)[C@@H]2CC(=O)[C@H](C)C=C(C)[C@@H](O)[C@@H](OC)C(=O)[C@H](C)C[C@H](C)C=CC=CC=C(C)[C@H](C[C@@H]3CC[C@@H](C)[C@@](O)(O3)C(=O)C(=O)N3CCCC[C@H]3C(=O)O2)OC)CC[C@H]1O,sirolimus
CO[C@@H]1C[C@H](CC(C)[C@@H]2CC(=O)[C@H](C)C=C(C)[C@@H](O)[C@@H](OC)C(=O)[C@H](C)C[C@H](C)C=CC=CC=C(C)[C@H](C[C@@H]3CC[C@@H](C)[C@@](O)(O3)C(=O)C(=O)N3CCCC[C@H]3C(=O)O2)OC)CC[C@H]1O,sirolimus
