Cancer,Rank,Drug_Name,SMILES,Prediction_Score
BLCA,1,TC-H-106,Cc1ccc(NC(=O)CCCCCC(=O)Nc2ccccc2N)cc1,TC-H-106
BLCA,2,entinostat,Nc1ccccc1NC(=O)c1ccc(CNC(=O)OCc2cccnc2)cc1,entinostat
BLCA,3,BML-210,Nc1ccccc1NC(=O)CCCCCCC(=O)Nc2ccccc2,Nc1ccccc1NC(=O)CCCCCCC(=O)Nc2ccccc2
BLCA,4,RG2833,Cc1ccc(cc1)C(=O)NCCCCCC(=O)Nc1ccccc1N,RG2833
BLCA,5,Tianeptinaline,CN1c2ccccc2C(NCCCCCCC(=O)Nc2ccccc2N)c2ccc(Cl)cc2S1(=O)=O,CN1c2ccccc2C(NCCCCCCC(=O)Nc2ccccc2N)c2ccc(Cl)cc2S1(=O)=O
BRCA,1,CHEMBL2356076,C[C@H](CO)N1C[C@H](C)[C@@H](CN(C)CC2CCCCC2)Oc3c(NC(=O)CCCCCC(=O)Nc4ccccc4N)cccc3C1=O,C[C@H](CO)N1C[C@H](C)[C@@H](CN(C)CC2CCCCC2)Oc3c(NC(=O)CCCCCC(=O)Nc4ccccc4N)cccc3C1=O
BRCA,2,CHEMBL2130971,C[C@@H](CO)N1C[C@@H](C)[C@H](CN(C)CC2CCCCC2)Oc3c(NC(=O)CCCCCC(=O)Nc4ccccc4N)cccc3C1=O,C[C@@H](CO)N1C[C@@H](C)[C@H](CN(C)CC2CCCCC2)Oc3c(NC(=O)CCCCCC(=O)Nc4ccccc4N)cccc3C1=O
BRCA,3,CHEBI:127687,C[C@H](CO)N1C[C@H](C)[C@@H](CN(C)Cc2ccccc2)Oc3ccc(NC(=O)CCCCCC(=O)Nc4ccccc4N)cc3CC1=O,C[C@H](CO)N1C[C@H](C)[C@@H](CN(C)Cc2ccccc2)Oc3ccc(NC(=O)CCCCCC(=O)Nc4ccccc4N)cc3CC1=O
BRCA,4,CHEBI:128787,C[C@H](CO)N1C[C@H](C)[C@@H](CN(C)S(=O)(=O)c2ccc(Cl)cc2)Oc3c(NC(=O)CCCCCC(=O)Nc4ccccc4N)cccc3C1=O,C[C@H](CO)N1C[C@H](C)[C@@H](CN(C)S(=O)(=O)c2ccc(Cl)cc2)Oc3c(NC(=O)CCCCCC(=O)Nc4ccccc4N)cccc3C1=O
BRCA,5,CHEMBL2140612,C[C@@H](CO)N1C[C@H](C)[C@H](CN(C)S(=O)(=O)c2ccc(Cl)cc2)Oc3c(NC(=O)CCCCCC(=O)Nc4ccccc4N)cccc3C1=O,C[C@@H](CO)N1C[C@H](C)[C@H](CN(C)S(=O)(=O)c2ccc(Cl)cc2)Oc3c(NC(=O)CCCCCC(=O)Nc4ccccc4N)cccc3C1=O
CESC,1,CHEBI:95009,CC(C)n1nc(-c2cccc(c2)C(=O)NC2=NCCC2)c2c(N)ncnc12,CC(C)n1nc(-c2cccc(c2)C(=O)NC2=NCCC2)c2c(N)ncnc12
CESC,2,351071-62-0,Cc1ccccc1Oc2cccc3c(=O)cc([nH]c23)N4CCOCC4,Cc1ccccc1Oc2cccc3c(=O)cc([nH]c23)N4CCOCC4
CESC,3,957054-30-7,CS(=O)(=O)N1CCN(Cc2cc3nc(nc(N4CCOCC4)c3s2)-c2cccc3[nH]ncc23)CC1,CS(=O)(=O)N1CCN(Cc2cc3nc(nc(N4CCOCC4)c3s2)-c2cccc3[nH]ncc23)CC1
CESC,4,LY303511,O=c1cc(oc2c(cccc12)-c1ccccc1)N1CCNCC1,LY303511
CESC,5,GSK1070916,CCn1cc(c(n1)-c1ccc(NC(=O)N(C)C)cc1)-c1ccnc2[nH]c(cc12)-c1cccc(CN(C)C)c1,GSK1070916
CHOL,1,mometasone-furoate,C[C@@H]1C[C@H]2[C@@H]3CCC4=CC(=O)C=C[C@]4(C)[C@@]3(Cl)[C@@H](O)C[C@]2(C)[C@@]1(OC(=O)c5ccco5)C(=O)CCl,mometasone-furoate
CHOL,2,mometasone-furoate,C[C@@H]1C[C@H]2[C@H]3CCC4=CC(=O)C=C[C@]4(C)[C@@]3(Cl)[C@@H](O)C[C@]2(C)[C@@]1(OC(=O)c1ccco1)C(=O)CCl,C[C@@H]1C[C@H]2[C@H]3CCC4=CC(=O)C=C[C@]4(C)[C@@]3(Cl)[C@@H](O)C[C@]2(C)[C@@]1(OC(=O)c1ccco1)C(=O)CCl
CHOL,3,fludroxycortide,CC1(C)O[C@@H]2CC3C4C[C@H](F)C5=CC(=O)CC[C@]5(C)C4[C@@H](O)C[C@]3(C)[C@@]2(O1)C(=O)CO,CC1(C)O[C@@H]2CC3C4C[C@H](F)C5=CC(=O)CC[C@]5(C)C4[C@@H](O)C[C@]3(C)[C@@]2(O1)C(=O)CO
CHOL,4,fludroxycortide,CC1(C)O[C@@H]2C[C@H]3[C@H]4C[C@H](F)C5=CC(=O)CC[C@]5(C)[C@H]4[C@@H](O)C[C@]3(C)[C@@]2(O1)C(=O)CO,CC1(C)O[C@@H]2C[C@H]3[C@H]4C[C@H](F)C5=CC(=O)CC[C@]5(C)[C@H]4[C@@H](O)C[C@]3(C)[C@@]2(O1)C(=O)CO
CHOL,5,fludroxycortide,CC1(C)O[C@@H]2C[C@H]3[C@@H]4C[C@H](F)C5=CC(=O)CC[C@]5(C)[C@H]4[C@@H](O)C[C@]3(C)[C@@]2(O1)C(=O)CO,fludroxycortide
COAD,1,VX-11e,Cc1cnc(Nc2ccc(F)cc2Cl)nc1-c1c[nH]c(c1)C(=O)N[C@H](CO)c1cccc(Cl)c1,VX-11e
COAD,2,telatinib,CNC(=O)c1cc(COc2nnc(Nc3ccc(Cl)cc3)c3ccoc23)ccn1,telatinib
COAD,3,selumetinib,Cn1cnc2c(F)c(Nc3ccc(Br)cc3Cl)c(cc12)C(=O)NOCCO,selumetinib
COAD,4,CHEBI:95009,CC(C)n1nc(-c2cccc(c2)C(=O)NC2=NCCC2)c2c(N)ncnc12,CC(C)n1nc(-c2cccc(c2)C(=O)NC2=NCCC2)c2c(N)ncnc12
COAD,5,HG-14-10-04,CN1CCN(CC1)C2CCN(CC2)C3=CC(=C(C=C3)NC4=NC=C(C(=N4)C5=CNC6=CC=CC=C65)Cl)OC,CN1CCN(CC1)C2CCN(CC2)C3=CC(=C(C=C3)NC4=NC=C(C(=N4)C5=CNC6=CC=CC=C65)Cl)OC
ESCA,1,SMER-28,Brc1ccc2ncnc(NCC=C)c2c1,SMER-28
ESCA,2,PD-168393,Brc1cccc(Nc2ncnc3ccc(NC(=O)C=C)cc23)c1,PD-168393
ESCA,3,NVP-BHG712,Cc1ccc(cc1Nc1nc(nc2n(C)ncc12)-c1cccnc1)C(=O)Nc1cccc(c1)C(F)(F)F,NVP-BHG712
ESCA,4,WH-4-025,COc1ccc(N(C(=O)Oc2cc(ccc2C)C(=O)Nc2cccc(c2)C(F)(F)F)c2ccnc(Nc3ccc(cc3)N3CCN(C)CC3)n2)c(OC)c1,COc1ccc(N(C(=O)Oc2cc(ccc2C)C(=O)Nc2cccc(c2)C(F)(F)F)c2ccnc(Nc3ccc(cc3)N3CCN(C)CC3)n2)c(OC)c1
ESCA,5,R112,Oc1cccc(Nc2ncc(F)c(Nc3cccc(O)c3)n2)c1,R112
HNSC,1,AS-703026,OC[C@@H](O)CNC(=O)c1ccncc1Nc1ccc(I)cc1F,AS-703026
HNSC,2,GW-583340,CS(=O)(=O)CCNCc1nc(cs1)-c1ccc2ncnc(Nc3ccc(OCc4cccc(F)c4)c(Cl)c3)c2c1,GW-583340
HNSC,3,AZ-628,Cc1ccc(NC(=O)c2cccc(c2)C(C)(C)C#N)cc1Nc1ccc2ncn(C)c(=O)c2c1,AZ-628
HNSC,4,CNX-774,CNC(=O)c1cc(Oc2ccc(Nc3ncc(F)c(Nc4cccc(NC(=O)C=C)c4)n3)cc2)ccn1,CNX-774
HNSC,5,TAK-733,Cn1c2ncn(C[C@@H](O)CO)c(=O)c2c(Nc2ccc(I)cc2F)c(F)c1=O,TAK-733
KICH,1,CHEMBL2355586,C[C@@H](CO)N1C[C@@H](C)[C@H](CN(C)Cc2ccc(cc2)C(=O)Nc3ccccc3N)Oc4ccc(cc4C1=O)N(C)C,C[C@@H](CO)N1C[C@@H](C)[C@H](CN(C)Cc2ccc(cc2)C(=O)Nc3ccccc3N)Oc4ccc(cc4C1=O)N(C)C
KICH,2,CHEMBL2359459,C[C@H](CO)N1C[C@@H](C)[C@H](CN(C)Cc2ccc(cc2)C(=O)Nc3ccccc3N)Oc4ccc(cc4C1=O)N(C)C,C[C@H](CO)N1C[C@@H](C)[C@H](CN(C)Cc2ccc(cc2)C(=O)Nc3ccccc3N)Oc4ccc(cc4C1=O)N(C)C
KICH,3,CHEBI:129004,C[C@H](CO)N1C[C@H](C)[C@@H](CN(C)Cc2ccc(cc2)C(=O)Nc3ccccc3N)Oc4ccc(cc4C1=O)N(C)C,C[C@H](CO)N1C[C@H](C)[C@@H](CN(C)Cc2ccc(cc2)C(=O)Nc3ccccc3N)Oc4ccc(cc4C1=O)N(C)C
KICH,4,CHEMBL2136858,C[C@@H](CO)N1C[C@H](C)[C@@H](CN(C)Cc2ccc(cc2)C(=O)Nc3ccccc3N)Oc4ccc(cc4C1=O)N(C)C,C[C@@H](CO)N1C[C@H](C)[C@@H](CN(C)Cc2ccc(cc2)C(=O)Nc3ccccc3N)Oc4ccc(cc4C1=O)N(C)C
KICH,5,CHEMBL2356693,C[C@@H](CO)N1C[C@H](C)[C@H](CN(C)Cc2ccc(cc2)C(=O)Nc3ccccc3N)Oc4ccc(cc4C1=O)N(C)C,C[C@@H](CO)N1C[C@H](C)[C@H](CN(C)Cc2ccc(cc2)C(=O)Nc3ccccc3N)Oc4ccc(cc4C1=O)N(C)C
KIRC,1,CHEMBL1476499,Cc1occc1CNc1ncnc2ccc(cc12)-c1ccc2OCOc2c1,Cc1occc1CNc1ncnc2ccc(cc12)-c1ccc2OCOc2c1
KIRC,2,GSK1070916,CCn1cc(c(n1)-c1ccc(NC(=O)N(C)C)cc1)-c1ccnc2[nH]c(cc12)-c1cccc(CN(C)C)c1,GSK1070916
KIRC,3,MLS002264437,CN1CCCCC1CNc2ncnc3ccc(cc23)c4c(C)noc4C,CN1CCCCC1CNc2ncnc3ccc(cc23)c4c(C)noc4C
KIRC,4,MLS002264439,Cc1ccsc1CNc2ncnc3ccc(cc23)c4c(C)noc4C,Cc1ccsc1CNc2ncnc3ccc(cc23)c4c(C)noc4C
KIRC,5,MLS002264438,CC(Nc1ncnc2ccc(cc12)c3c(C)noc3C)c4ccco4,CC(Nc1ncnc2ccc(cc12)c3c(C)noc3C)c4ccco4
KIRP,1,CHEMBL1722927,CCc1ccc(NC(=O)CCCOc2cc(=O)n(C)c3ccccc23)cc1,CCc1ccc(NC(=O)CCCOc2cc(=O)n(C)c3ccccc23)cc1
KIRP,2,SMR000077511,COc1ccc2nc(Nc3nc(C)c(CCC(C)C)c(=O)[nH]3)nc(C)c2c1,COc1ccc2nc(Nc3nc(C)c(CCC(C)C)c(=O)[nH]3)nc(C)c2c1
KIRP,3,CHEMBL566495,COc1cccc(c1)c2ccc3ncnc(NCc4cccc(C)c4)c3c2,COc1cccc(c1)c2ccc3ncnc(NCc4cccc(C)c4)c3c2
KIRP,4,MLS000089581,Cc1ccnc(NC(=O)CCCOc2cc(=O)n(C)c3ccccc23)c1,Cc1ccnc(NC(=O)CCCOc2cc(=O)n(C)c3ccccc23)c1
KIRP,5,ethisterone,C[C@]12CC[C@@H]3[C@@H](CCC4=CC(=O)CC[C@]34C)[C@H]1CC[C@@]2(O)C#C,C[C@]12CC[C@@H]3[C@@H](CCC4=CC(=O)CC[C@]34C)[C@H]1CC[C@@]2(O)C#C
LIHC,1,oxymetazoline,Cc1cc(c(O)c(C)c1CC1=NCCN1)C(C)(C)C,oxymetazoline
LIHC,2,chloroquine,CCN(CC)CCCC(C)Nc1ccnc2cc(Cl)ccc12,CCN(CC)CCCC(C)Nc1ccnc2cc(Cl)ccc12
LIHC,3,medroxyprogesterone,C[C@H]1C[C@H]2[C@@H]3CC[C@](O)(C(C)=O)[C@@]3(C)CC[C@@H]2[C@@]2(C)CCC(=O)C=C12,medroxyprogesterone
LIHC,4,iloprost,CC#CCC(C)[C@H](O)C=C[C@H]1[C@H](O)C[C@@H]2CC(C[C@H]12)=C/CCCC(O)=O,CC#CCC(C)[C@H](O)C=C[C@H]1[C@H](O)C[C@@H]2CC(C[C@H]12)=C/CCCC(O)=O
LIHC,5,danazol,C[C@]12CC[C@@H]3[C@@H](CCC4=Cc5oncc5C[C@]34C)[C@H]1CC[C@@]2(O)C#C,C[C@]12CC[C@@H]3[C@@H](CCC4=Cc5oncc5C[C@]34C)[C@H]1CC[C@@]2(O)C#C
LUAD,1,TC-H-106,Cc1ccc(NC(=O)CCCCCC(=O)Nc2ccccc2N)cc1,TC-H-106
LUAD,2,BML-210,Nc1ccccc1NC(=O)CCCCCCC(=O)Nc2ccccc2,Nc1ccccc1NC(=O)CCCCCCC(=O)Nc2ccccc2
LUAD,3,Tianeptinaline,CN1c2ccccc2C(NCCCCCCC(=O)Nc2ccccc2N)c2ccc(Cl)cc2S1(=O)=O,CN1c2ccccc2C(NCCCCCCC(=O)Nc2ccccc2N)c2ccc(Cl)cc2S1(=O)=O
LUAD,4,RG2833,Cc1ccc(cc1)C(=O)NCCCCCC(=O)Nc1ccccc1N,RG2833
LUAD,5,MLS003370610,COc1ccc(cc1COc1c(C)cccc1C)C1Nc2ccccc2C(=O)N1Cc1cccs1,COc1ccc(cc1COc1c(C)cccc1C)C1Nc2ccccc2C(=O)N1Cc1cccs1
LUSC,1,RG2833,Cc1ccc(cc1)C(=O)NCCCCCC(=O)Nc1ccccc1N,RG2833
LUSC,2,Tianeptinaline,CN1c2ccccc2C(NCCCCCCC(=O)Nc2ccccc2N)c2ccc(Cl)cc2S1(=O)=O,CN1c2ccccc2C(NCCCCCCC(=O)Nc2ccccc2N)c2ccc(Cl)cc2S1(=O)=O
LUSC,3,TC-H-106,Cc1ccc(NC(=O)CCCCCC(=O)Nc2ccccc2N)cc1,TC-H-106
LUSC,4,BML-210,Nc1ccccc1NC(=O)CCCCCCC(=O)Nc2ccccc2,Nc1ccccc1NC(=O)CCCCCCC(=O)Nc2ccccc2
LUSC,5,CHEBI:95009,CC(C)n1nc(-c2cccc(c2)C(=O)NC2=NCCC2)c2c(N)ncnc12,CC(C)n1nc(-c2cccc(c2)C(=O)NC2=NCCC2)c2c(N)ncnc12
PAAD,1,38848-21-4,COC1=CC23CCCN3CCc4cc5OCOc5cc4C2C1O,COC1=CC23CCCN3CCc4cc5OCOc5cc4C2C1O
PAAD,2,MK-1775,CN1CCN(CC1)c1ccc(Nc2ncc3c(n2)n(-c2cccc(n2)C(C)(C)O)n(CC=C)c3=O)cc1,MK-1775
PAAD,3,TPCA-1,NC(=O)Nc1sc(cc1C(N)=O)-c1ccc(F)cc1,TPCA-1
PAAD,4,lypressin,NCCCC[C@H](NC(=O)[C@@H]1CCCN1C(=O)[C@@H]1CSSC[C@H](N)C(=O)N[C@@H](Cc2ccc(O)cc2)C(=O)N[C@@H](Cc2ccccc2)C(=O)N[C@@H](CCC(N)=O)C(=O)N[C@@H](CC(N)=O)C(=O)N1)C(=O)NCC(N)=O,lypressin
PAAD,5,MRS-1220,Clc1ccc2nc(NC(=O)Cc3ccccc3)n3nc(nc3c2c1)-c1ccco1,MRS-1220
PCPG,1,beclomethasone,CC1CC2C3CCC4=CC(=O)C=CC4(C)[C@@]3(Cl)C(O)CC2(C)C1(O)C(=O)CO,CC1CC2C3CCC4=CC(=O)C=CC4(C)[C@@]3(Cl)C(O)CC2(C)C1(O)C(=O)CO
PCPG,2,hydrocortisone-valerate,CCCCC(=O)OC1(CCC2C3CCC4=CC(=O)CCC4(C)C3C(O)CC12C)C(=O)CO,CCCCC(=O)OC1(CCC2C3CCC4=CC(=O)CCC4(C)C3C(O)CC12C)C(=O)CO
PCPG,3,hydrocortisone-valerate,CCCCC(=O)O[C@@]1(CCC2C3CCC4=CC(=O)CC[C@]4(C)C3[C@@H](O)C[C@]12C)C(=O)CO,CCCCC(=O)O[C@@]1(CCC2C3CCC4=CC(=O)CC[C@]4(C)C3[C@@H](O)C[C@]12C)C(=O)CO
PCPG,4,RefChem:691299,OC[C@H](O)[C@H](O)[C@@H](O)[C@@H](O)/C=N/NC(=O)CCCCC(=O)NO,OC[C@H](O)[C@H](O)[C@@H](O)[C@@H](O)/C=N/NC(=O)CCCCC(=O)NO
PCPG,5,RefChem:718216,OC[C@@H](O)[C@@H](O)[C@H](O)[C@H](O)/C=N/NC(=O)CCCCC(=O)NO,OC[C@@H](O)[C@@H](O)[C@H](O)[C@H](O)/C=N/NC(=O)CCCCC(=O)NO
PRAD,1,CHEBI:117361,CS(=O)(=O)Nc1ccc2O[C@@H]3[C@@H](C[C@H](CC(=O)NCc4ccncc4)O[C@@H]3CO)c2c1,CS(=O)(=O)Nc1ccc2O[C@@H]3[C@@H](C[C@H](CC(=O)NCc4ccncc4)O[C@@H]3CO)c2c1
PRAD,2,CHEBI:117486,CS(=O)(=O)Nc1ccc2O[C@@H]3[C@@H](C[C@@H](CC(=O)NCc4ccncc4)O[C@H]3CO)c2c1,CS(=O)(=O)Nc1ccc2O[C@@H]3[C@@H](C[C@@H](CC(=O)NCc4ccncc4)O[C@H]3CO)c2c1
PRAD,3,CHEBI:117395,CS(=O)(=O)Nc1ccc2O[C@@H]3[C@@H](C[C@H](CC(=O)NCc4ccncc4)O[C@H]3CO)c2c1,CS(=O)(=O)Nc1ccc2O[C@@H]3[C@@H](C[C@H](CC(=O)NCc4ccncc4)O[C@H]3CO)c2c1
PRAD,4,CHEBI:117321,CS(=O)(=O)Nc1ccc2O[C@@H]3[C@@H](C[C@@H](CC(=O)NCc4ccncc4)O[C@@H]3CO)c2c1,CS(=O)(=O)Nc1ccc2O[C@@H]3[C@@H](C[C@@H](CC(=O)NCc4ccncc4)O[C@@H]3CO)c2c1
PRAD,5,CHEBI:117416,CS(=O)(=O)Nc1ccc2O[C@H]3[C@H](C[C@H](CC(=O)NCc4ccncc4)O[C@@H]3CO)c2c1,CS(=O)(=O)Nc1ccc2O[C@H]3[C@H](C[C@H](CC(=O)NCc4ccncc4)O[C@@H]3CO)c2c1
READ,1,TC-H-106,Cc1ccc(NC(=O)CCCCCC(=O)Nc2ccccc2N)cc1,TC-H-106
READ,2,BML-210,Nc1ccccc1NC(=O)CCCCCCC(=O)Nc2ccccc2,Nc1ccccc1NC(=O)CCCCCCC(=O)Nc2ccccc2
READ,3,Tianeptinaline,CN1c2ccccc2C(NCCCCCCC(=O)Nc2ccccc2N)c2ccc(Cl)cc2S1(=O)=O,CN1c2ccccc2C(NCCCCCCC(=O)Nc2ccccc2N)c2ccc(Cl)cc2S1(=O)=O
READ,4,RG2833,Cc1ccc(cc1)C(=O)NCCCCCC(=O)Nc1ccccc1N,RG2833
READ,5,entinostat,Nc1ccccc1NC(=O)c1ccc(CNC(=O)OCc2cccnc2)cc1,entinostat
SARC,1,AZ-628,Cc1ccc(NC(=O)c2cccc(c2)C(C)(C)C#N)cc1Nc1ccc2ncn(C)c(=O)c2c1,AZ-628
SARC,2,PD-0325901,OCC(O)CONC(=O)c1ccc(F)c(F)c1Nc1ccc(I)cc1F,OCC(O)CONC(=O)c1ccc(F)c(F)c1Nc1ccc(I)cc1F
SARC,3,PD-0325901,OC[C@@H](O)CONC(=O)c1ccc(F)c(F)c1Nc1ccc(I)cc1F,PD-0325901
SARC,4,AS-703026,OC[C@@H](O)CNC(=O)c1ccncc1Nc1ccc(I)cc1F,AS-703026
SARC,5,GW-583340,CS(=O)(=O)CCNCc1nc(cs1)-c1ccc2ncnc(Nc3ccc(OCc4cccc(F)c4)c(Cl)c3)c2c1,GW-583340
STAD,1,SMER-28,Brc1ccc2ncnc(NCC=C)c2c1,SMER-28
STAD,2,"(3E)-2,3-bis[amino-(2-ami...",NC(Sc1ccccc1N)=C(C#N)/C(C#N)=C(/N)Sc1ccccc1N,NC(Sc1ccccc1N)=C(C#N)/C(C#N)=C(/N)Sc1ccccc1N
STAD,3,RefChem:244353,NC(Sc1ccccc1N)=C(C#N)/C(C#N)=C(N)Sc1ccccc1N,NC(Sc1ccccc1N)=C(C#N)/C(C#N)=C(N)Sc1ccccc1N
STAD,4,RefChem:244353,NC(=C(C#N)C(=C(N)Sc1ccccc1N)C#N)Sc2ccccc2N,NC(=C(C#N)C(=C(N)Sc1ccccc1N)C#N)Sc2ccccc2N
STAD,5,PD-184352,Fc1ccc(C(=O)NOCC2CC2)c(Nc2ccc(I)cc2Cl)c1F,PD-184352
THCA,1,QL47,Cn1cc(cn1)-c1ccc2ncc3ccc(=O)n(-c4ccc5CCN(C(=O)C=C)c5c4)c3c2c1,Cn1cc(cn1)-c1ccc2ncc3ccc(=O)n(-c4ccc5CCN(C(=O)C=C)c5c4)c3c2c1
THCA,2,TPCA-1,NC(=O)Nc1sc(cc1C(N)=O)-c1ccc(F)cc1,TPCA-1
THCA,3,MLS003178536,Cc1cc2n(C)c3c(cnn(Cc4c(Cl)ccc(C)c4F)c3=O)c2s1,Cc1cc2n(C)c3c(cnn(Cc4c(Cl)ccc(C)c4F)c3=O)c2s1
THCA,4,VX-702,NC(=O)N(c1ccc(C(N)=O)c(n1)-c1ccc(F)cc1F)c1c(F)cccc1F,VX-702
THCA,5,puromycin,COc1ccc(C[C@H](N)C(=O)N[C@H]2[C@@H](O)[C@@H](O[C@@H]2CO)n3cnc4c(ncnc34)N(C)C)cc1,puromycin
THYM,1,CHEBI:127455,C[C@@H](CO)N1C[C@H](C)[C@H](CN(C)Cc2ccc(Cl)c(Cl)c2)Oc3ccc(NC(=O)CCCCCC(=O)Nc4ccccc4N)cc3C1=O,C[C@@H](CO)N1C[C@H](C)[C@H](CN(C)Cc2ccc(Cl)c(Cl)c2)Oc3ccc(NC(=O)CCCCCC(=O)Nc4ccccc4N)cc3C1=O
THYM,2,CHEMBL2355034,C[C@H](CO)N1C[C@@H](C)[C@@H](CN(C)Cc2ccc(Cl)c(Cl)c2)Oc3ccc(NC(=O)CCCCCC(=O)Nc4ccccc4N)cc3C1=O,C[C@H](CO)N1C[C@@H](C)[C@@H](CN(C)Cc2ccc(Cl)c(Cl)c2)Oc3ccc(NC(=O)CCCCCC(=O)Nc4ccccc4N)cc3C1=O
THYM,3,CHEBI:127972,C[C@H](CO)N1C[C@H](C)[C@@H](CN(C)Cc2ccc(Cl)c(Cl)c2)Oc3ccc(NC(=O)CCCCCC(=O)Nc4ccccc4N)cc3C1=O,C[C@H](CO)N1C[C@H](C)[C@@H](CN(C)Cc2ccc(Cl)c(Cl)c2)Oc3ccc(NC(=O)CCCCCC(=O)Nc4ccccc4N)cc3C1=O
THYM,4,CHEBI:130302,C[C@H](CO)N1C[C@H](C)[C@H](CN(C)Cc2ccc(Cl)c(Cl)c2)Oc3ccc(NC(=O)CCCCCC(=O)Nc4ccccc4N)cc3C1=O,C[C@H](CO)N1C[C@H](C)[C@H](CN(C)Cc2ccc(Cl)c(Cl)c2)Oc3ccc(NC(=O)CCCCCC(=O)Nc4ccccc4N)cc3C1=O
THYM,5,CHEMBL2140815,C[C@H](CO)N1C[C@@H](C)[C@@H](CN(C)Cc2ccc(Cl)c(Cl)c2)Oc3ccc(NC(=O)CCCCCC(=O)Nc4ccccc4N)cc3CC1=O,C[C@H](CO)N1C[C@@H](C)[C@@H](CN(C)Cc2ccc(Cl)c(Cl)c2)Oc3ccc(NC(=O)CCCCCC(=O)Nc4ccccc4N)cc3CC1=O
UCEC,1,PI-828,Nc1ccc(cc1)-c1cccc2c1oc(cc2=O)N1CCOCC1,PI-828
UCEC,2,LY294002,O=c1cc(oc2c(cccc12)-c1ccccc1)N1CCOCC1,LY294002
UCEC,3,LY303511,O=c1cc(oc2c(cccc12)-c1ccccc1)N1CCNCC1,LY303511
UCEC,4,NU-7441,O=c1cc(oc2c(cccc12)-c1cccc2c3ccccc3sc12)N1CCOCC1,NU-7441
UCEC,5,351071-62-0,Cc1ccccc1Oc2cccc3c(=O)cc([nH]c23)N4CCOCC4,Cc1ccccc1Oc2cccc3c(=O)cc([nH]c23)N4CCOCC4
